tool,mode,cell_id,effect,attempted,null_effect,estimable,not_estimable_rows,finite_estimates,failed_rows,failure_rate,warning_rows,mean_bias,abs_bias_sd,bias_mc_se,rmse,interval_available_rows,mean_width,coverage_successes,coverage_trials,coverage,coverage_wilson_lower,coverage_wilson_upper,zero_exclusion_successes,zero_exclusion_trials,zero_exclusion,zero_exclusion_wilson_lower,zero_exclusion_wilson_upper,runtime_mean_seconds,runtime_median_seconds,runtime_total_seconds,sims_successful_min,not_estimable_reason
lavaan,primary,cell02_linear_n250,PNDE,5,False,True,0.0,5.0,0.0,0.0,0.0,0.04764430105960079,0.03886094982127273,0.0498522800959979,0.11050329744644362,5.0,0.512253966070437,5.0,5.0,1.0,0.5655175352168251,1.0,3.0,5.0,0.6,0.2307242812760128,0.882379225767352,8.775599999999999,8.702000000000002,43.87799999999999,399.0,
lavaan,primary,cell02_linear_n250,TE,5,False,True,0.0,5.0,0.0,0.0,0.0,0.012708497534409956,0.010365652848399905,0.03533994486673695,0.07181331855803723,5.0,0.5621483028239365,5.0,5.0,1.0,0.5655175352168251,1.0,5.0,5.0,1.0,0.5655175352168251,1.0,8.775599999999999,8.702000000000002,43.87799999999999,399.0,
lavaan,primary,cell02_linear_n250,TNIE,5,False,True,0.0,5.0,0.0,0.0,0.0,-0.03493580352519084,0.028495296972872827,0.03561584015884672,0.07933764963012715,5.0,0.25440854119101697,3.0,5.0,0.6,0.2307242812760128,0.882379225767352,5.0,5.0,1.0,0.5655175352168251,1.0,8.775599999999999,8.702000000000002,43.87799999999999,399.0,
lavaan,primary,cell07_serial_three_n200,PNDE,5,False,True,0.0,5.0,0.0,0.0,0.0,-0.05374583720148922,0.03806118059979804,0.06780850606668547,0.14587867903320162,5.0,0.5913455081769079,5.0,5.0,1.0,0.5655175352168251,1.0,0.0,5.0,0.0,0.0,0.43448246478317476,9.199,9.159999999999997,45.995,399.0,
lavaan,primary,cell07_serial_three_n200,TE,5,False,True,0.0,5.0,0.0,0.0,0.0,-0.1109003766311556,0.07853630129008535,0.0495318300192671,0.14870273123639136,5.0,0.7246174286193876,5.0,5.0,1.0,0.5655175352168251,1.0,3.0,5.0,0.6,0.2307242812760128,0.882379225767352,9.199,9.159999999999997,45.995,399.0,
lavaan,primary,cell07_serial_three_n200,TNIE,5,False,True,0.0,5.0,0.0,0.0,0.0,-0.05715453942966632,0.040475120690287275,0.06178254226266854,0.1361432021482196,5.0,0.4718784835807119,4.0,5.0,0.8,0.37553462976252533,0.9637758913675698,4.0,5.0,0.8,0.37553462976252533,0.9637758913675698,9.199,9.159999999999997,45.995,399.0,
lavaan,primary,cell09_spline_n250,PNDE,5,False,False,,,,,,,,,,,,,,,,,,,,,,,,,,outcome is nonlinear in M (natural spline): natural effects are not path products
lavaan,primary,cell09_spline_n250,TE,5,False,False,,,,,,,,,,,,,,,,,,,,,,,,,,outcome is nonlinear in M (natural spline): natural effects are not path products
lavaan,primary,cell09_spline_n250,TNIE,5,False,False,,,,,,,,,,,,,,,,,,,,,,,,,,outcome is nonlinear in M (natural spline): natural effects are not path products
lavaan,primary,cell10_moderated_n150,TNIE_W0,5,False,True,0.0,5.0,0.0,0.0,0.0,-0.0014441692855711673,0.00117225597359362,0.04128744197772103,0.08258751167809883,5.0,0.3997546662558893,5.0,5.0,1.0,0.5655175352168251,1.0,2.0,5.0,0.4,0.11762077423264783,0.769275718723987,9.5798,9.504999999999995,47.899,399.0,
lavaan,primary,cell10_moderated_n150,TNIE_W1,5,False,True,0.0,5.0,0.0,0.0,0.0,0.026735983488245695,0.02170203775078966,0.06568238791069149,0.13405788727145432,5.0,0.6455936164325149,5.0,5.0,1.0,0.5655175352168251,1.0,4.0,5.0,0.8,0.37553462976252533,0.9637758913675698,9.5798,9.504999999999995,47.899,399.0,
lavaan,primary,cell10_moderated_n150,TNIE_difference,5,False,True,0.0,5.0,0.0,0.0,0.0,0.02818015277381683,0.022874293724383255,0.08721362105188368,0.1766889464518987,5.0,0.7815886364909785,5.0,5.0,1.0,0.5655175352168251,1.0,3.0,5.0,0.6,0.2307242812760128,0.882379225767352,9.5798,9.504999999999995,47.899,399.0,
lavaan,primary,cell11_binary_mediator_n150,PNDE,5,False,False,,,,,,,,,,,,,,,,,,,,,,,,,,binary mediator: lavaan's probit latent-response effects are a different estimand
lavaan,primary,cell11_binary_mediator_n150,TE,5,False,False,,,,,,,,,,,,,,,,,,,,,,,,,,binary mediator: lavaan's probit latent-response effects are a different estimand
lavaan,primary,cell11_binary_mediator_n150,TNIE,5,False,False,,,,,,,,,,,,,,,,,,,,,,,,,,binary mediator: lavaan's probit latent-response effects are a different estimand
lavaan,primary,cell16_b_path_only_n250,PNDE,5,False,True,0.0,5.0,0.0,0.0,0.0,0.08385838093353548,0.06934234681447875,0.04240572525233534,0.1192694855757337,5.0,0.4797526508133581,5.0,5.0,1.0,0.5655175352168251,1.0,3.0,5.0,0.6,0.2307242812760128,0.882379225767352,6.503400000000001,6.439,32.517,399.0,
lavaan,primary,cell16_b_path_only_n250,TE,5,False,True,0.0,5.0,0.0,0.0,0.0,0.10789049206893246,0.08921445698979426,0.043782556013850525,0.1389532551734583,5.0,0.538601554084529,5.0,5.0,1.0,0.5655175352168251,1.0,3.0,5.0,0.6,0.2307242812760128,0.882379225767352,6.503400000000001,6.439,32.517,399.0,
lavaan,primary,cell16_b_path_only_n250,TNIE,5,True,True,0.0,5.0,0.0,0.0,0.0,0.024032111135396973,0.0198721101753155,0.019272853114849983,0.04542371444928741,5.0,0.22701803303308576,5.0,5.0,1.0,0.5655175352168251,1.0,0.0,5.0,0.0,0.0,0.43448246478317476,6.503400000000001,6.439,32.517,399.0,
lavaan,secondary,cell02_linear_n250,PNDE,5,False,True,0.0,5.0,0.0,0.0,0.0,0.04764430105960079,0.03886094982127273,0.0498522800959979,0.11050329744644362,5.0,0.522518672649702,5.0,5.0,1.0,0.5655175352168251,1.0,3.0,5.0,0.6,0.2307242812760128,0.882379225767352,0.047800000000000155,0.045999999999999375,0.23900000000000077,,
lavaan,secondary,cell02_linear_n250,TE,5,False,True,0.0,5.0,0.0,0.0,0.0,0.012708497534409956,0.010365652848399905,0.03533994486673695,0.07181331855803723,5.0,0.5536643532488102,5.0,5.0,1.0,0.5655175352168251,1.0,5.0,5.0,1.0,0.5655175352168251,1.0,0.047800000000000155,0.045999999999999375,0.23900000000000077,,
lavaan,secondary,cell02_linear_n250,TNIE,5,False,True,0.0,5.0,0.0,0.0,0.0,-0.03493580352519084,0.028495296972872827,0.03561584015884672,0.07933764963012715,5.0,0.24994428907899682,3.0,5.0,0.6,0.2307242812760128,0.882379225767352,5.0,5.0,1.0,0.5655175352168251,1.0,0.047800000000000155,0.045999999999999375,0.23900000000000077,,
lavaan,secondary,cell07_serial_three_n200,PNDE,5,False,True,0.0,5.0,0.0,0.0,0.0,-0.05374583720148922,0.03806118059979804,0.06780850606668547,0.14587867903320162,5.0,0.5685895869344243,5.0,5.0,1.0,0.5655175352168251,1.0,1.0,5.0,0.2,0.03622410863243014,0.6244653702374747,0.049399999999999264,0.04700000000000415,0.24699999999999633,,
lavaan,secondary,cell07_serial_three_n200,TE,5,False,True,0.0,5.0,0.0,0.0,0.0,-0.1109003766311556,0.07853630129008535,0.0495318300192671,0.14870273123639136,5.0,0.6980876381620872,5.0,5.0,1.0,0.5655175352168251,1.0,4.0,5.0,0.8,0.37553462976252533,0.9637758913675698,0.049399999999999264,0.04700000000000415,0.24699999999999633,,
lavaan,secondary,cell07_serial_three_n200,TNIE,5,False,True,0.0,5.0,0.0,0.0,0.0,-0.05715453942966632,0.040475120690287275,0.06178254226266854,0.1361432021482196,5.0,0.4575034208487333,4.0,5.0,0.8,0.37553462976252533,0.9637758913675698,4.0,5.0,0.8,0.37553462976252533,0.9637758913675698,0.049399999999999264,0.04700000000000415,0.24699999999999633,,
lavaan,secondary,cell09_spline_n250,PNDE,5,False,False,,,,,,,,,,,,,,,,,,,,,,,,,,outcome is nonlinear in M (natural spline): natural effects are not path products
lavaan,secondary,cell09_spline_n250,TE,5,False,False,,,,,,,,,,,,,,,,,,,,,,,,,,outcome is nonlinear in M (natural spline): natural effects are not path products
lavaan,secondary,cell09_spline_n250,TNIE,5,False,False,,,,,,,,,,,,,,,,,,,,,,,,,,outcome is nonlinear in M (natural spline): natural effects are not path products
lavaan,secondary,cell10_moderated_n150,TNIE_W0,5,False,True,0.0,5.0,0.0,0.0,0.0,-0.0014441692855711673,0.00117225597359362,0.04128744197772103,0.08258751167809883,5.0,0.3726274147055447,5.0,5.0,1.0,0.5655175352168251,1.0,1.0,5.0,0.2,0.03622410863243014,0.6244653702374747,0.0483999999999984,0.04499999999999815,0.241999999999992,,
lavaan,secondary,cell10_moderated_n150,TNIE_W1,5,False,True,0.0,5.0,0.0,0.0,0.0,0.026735983488245695,0.02170203775078966,0.06568238791069149,0.13405788727145432,5.0,0.6347705689437831,5.0,5.0,1.0,0.5655175352168251,1.0,4.0,5.0,0.8,0.37553462976252533,0.9637758913675698,0.0483999999999984,0.04499999999999815,0.241999999999992,,
lavaan,secondary,cell10_moderated_n150,TNIE_difference,5,False,True,0.0,5.0,0.0,0.0,0.0,0.02818015277381683,0.022874293724383255,0.08721362105188368,0.1766889464518987,5.0,0.7169590413361331,5.0,5.0,1.0,0.5655175352168251,1.0,2.0,5.0,0.4,0.11762077423264783,0.769275718723987,0.0483999999999984,0.04499999999999815,0.241999999999992,,
lavaan,secondary,cell11_binary_mediator_n150,PNDE,5,False,False,,,,,,,,,,,,,,,,,,,,,,,,,,binary mediator: lavaan's probit latent-response effects are a different estimand
lavaan,secondary,cell11_binary_mediator_n150,TE,5,False,False,,,,,,,,,,,,,,,,,,,,,,,,,,binary mediator: lavaan's probit latent-response effects are a different estimand
lavaan,secondary,cell11_binary_mediator_n150,TNIE,5,False,False,,,,,,,,,,,,,,,,,,,,,,,,,,binary mediator: lavaan's probit latent-response effects are a different estimand
lavaan,secondary,cell16_b_path_only_n250,PNDE,5,False,True,0.0,5.0,0.0,0.0,0.0,0.08385838093353548,0.06934234681447875,0.04240572525233534,0.1192694855757337,5.0,0.4806734978224796,5.0,5.0,1.0,0.5655175352168251,1.0,3.0,5.0,0.6,0.2307242812760128,0.882379225767352,0.03759999999999959,0.03599999999999781,0.18799999999999795,,
lavaan,secondary,cell16_b_path_only_n250,TE,5,False,True,0.0,5.0,0.0,0.0,0.0,0.10789049206893246,0.08921445698979426,0.043782556013850525,0.1389532551734583,5.0,0.5311991524546356,5.0,5.0,1.0,0.5655175352168251,1.0,3.0,5.0,0.6,0.2307242812760128,0.882379225767352,0.03759999999999959,0.03599999999999781,0.18799999999999795,,
lavaan,secondary,cell16_b_path_only_n250,TNIE,5,True,True,0.0,5.0,0.0,0.0,0.0,0.024032111135396973,0.0198721101753155,0.019272853114849983,0.04542371444928741,5.0,0.22301415249562848,5.0,5.0,1.0,0.5655175352168251,1.0,0.0,5.0,0.0,0.0,0.43448246478317476,0.03759999999999959,0.03599999999999781,0.18799999999999795,,
mediation,primary,cell02_linear_n250,PNDE,5,False,True,0.0,5.0,0.0,0.0,0.0,0.04764430105960069,0.03886094982127265,0.049852280095997896,0.11050329744644356,5.0,0.5013097701544952,5.0,5.0,1.0,0.5655175352168251,1.0,3.0,5.0,0.6,0.2307242812760128,0.882379225767352,1.6606,1.5740000000000016,8.303,399.0,
mediation,primary,cell02_linear_n250,TE,5,False,True,0.0,5.0,0.0,0.0,0.0,0.012708497534409858,0.010365652848399824,0.035339944866736965,0.07181331855803724,5.0,0.5306110326958307,5.0,5.0,1.0,0.5655175352168251,1.0,5.0,5.0,1.0,0.5655175352168251,1.0,1.6606,1.5740000000000016,8.303,399.0,
mediation,primary,cell02_linear_n250,TNIE,5,False,True,0.0,5.0,0.0,0.0,0.0,-0.03493580352519084,0.028495296972872827,0.03561584015884671,0.0793376496301271,5.0,0.2505510405657348,3.0,5.0,0.6,0.2307242812760128,0.882379225767352,5.0,5.0,1.0,0.5655175352168251,1.0,1.6606,1.5740000000000016,8.303,399.0,
mediation,primary,cell07_serial_three_n200,PNDE,5,False,False,,,,,,,,,,,,,,,,,,,,,,,,,,three serial mediators are outside mediate()'s single-mediator design
mediation,primary,cell07_serial_three_n200,TE,5,False,False,,,,,,,,,,,,,,,,,,,,,,,,,,three serial mediators are outside mediate()'s single-mediator design
mediation,primary,cell07_serial_three_n200,TNIE,5,False,False,,,,,,,,,,,,,,,,,,,,,,,,,,three serial mediators are outside mediate()'s single-mediator design
mediation,primary,cell09_spline_n250,PNDE,5,False,True,0.0,5.0,0.0,0.0,0.0,-0.0703610508907099,0.05535108672063891,0.0372908557175813,0.10253345387259191,5.0,0.48983709974465206,5.0,5.0,1.0,0.5655175352168251,1.0,0.0,5.0,0.0,0.0,0.43448246478317476,4.215400000000001,4.192,21.077,399.0,
mediation,primary,cell09_spline_n250,TE,5,False,True,0.0,5.0,0.0,0.0,0.0,-0.05964914197490086,0.04692432515530224,0.038774896241962134,0.09783654967670108,5.0,0.5258098726029428,5.0,5.0,1.0,0.5655175352168251,1.0,2.0,5.0,0.4,0.11762077423264783,0.769275718723987,4.215400000000001,4.192,21.077,399.0,
mediation,primary,cell09_spline_n250,TNIE,5,False,True,0.0,5.0,0.0,0.0,0.0,0.010711908915809035,0.00842676156533666,0.0082033942011468,0.01959407304003496,5.0,0.2397909144629437,5.0,5.0,1.0,0.5655175352168251,1.0,4.0,5.0,0.8,0.37553462976252533,0.9637758913675698,4.215400000000001,4.192,21.077,399.0,
mediation,primary,cell10_moderated_n150,TNIE_W0,5,False,True,0.0,5.0,0.0,0.0,0.0,-0.001444169285571159,0.0011722559735936134,0.04128744197772103,0.08258751167809883,5.0,0.39934586280329254,5.0,5.0,1.0,0.5655175352168251,1.0,2.0,5.0,0.4,0.11762077423264783,0.769275718723987,5.193599999999999,5.0969999999999995,25.967999999999996,399.0,
mediation,primary,cell10_moderated_n150,TNIE_W1,5,False,True,0.0,5.0,0.0,0.0,0.0,0.02673598348824564,0.021702037750789615,0.06568238791069152,0.13405788727145435,5.0,0.6258233778349443,5.0,5.0,1.0,0.5655175352168251,1.0,4.0,5.0,0.8,0.37553462976252533,0.9637758913675698,5.193599999999999,5.0969999999999995,25.967999999999996,399.0,
mediation,primary,cell10_moderated_n150,TNIE_difference,5,False,True,0.0,5.0,0.0,0.0,0.0,0.028180152773816775,0.02287429372438321,0.0872136210518837,0.17668894645189875,5.0,0.7324083789196989,5.0,5.0,1.0,0.5655175352168251,1.0,2.0,5.0,0.4,0.11762077423264783,0.769275718723987,5.193599999999999,5.0969999999999995,25.967999999999996,399.0,
mediation,primary,cell11_binary_mediator_n150,PNDE,5,False,True,0.0,5.0,0.0,0.0,0.0,0.03613793804549916,0.03262366221978511,0.03075119571904773,0.07133368572270084,5.0,0.6285572531222134,5.0,5.0,1.0,0.5655175352168251,1.0,0.0,5.0,0.0,0.0,0.43448246478317476,1.841,1.843,9.205,399.0,
mediation,primary,cell11_binary_mediator_n150,TE,5,False,True,0.0,5.0,0.0,0.0,0.0,0.006277244946023363,0.005666806958717027,0.03220213096683969,0.0647094487639507,5.0,0.6505010934999667,5.0,5.0,1.0,0.5655175352168251,1.0,4.0,5.0,0.8,0.37553462976252533,0.9637758913675698,1.841,1.843,9.205,399.0,
mediation,primary,cell11_binary_mediator_n150,TNIE,5,False,True,0.0,5.0,0.0,0.0,0.0,-0.0298606930994758,0.026956855261068086,0.03459038447040148,0.07535011468884338,5.0,0.274386575717967,5.0,5.0,1.0,0.5655175352168251,1.0,2.0,5.0,0.4,0.11762077423264783,0.769275718723987,1.841,1.843,9.205,399.0,
mediation,primary,cell16_b_path_only_n250,PNDE,5,False,True,0.0,5.0,0.0,0.0,0.0,0.08385838093353545,0.06934234681447873,0.042405725252335345,0.1192694855757337,5.0,0.469341148033677,5.0,5.0,1.0,0.5655175352168251,1.0,3.0,5.0,0.6,0.2307242812760128,0.882379225767352,2.2616,2.099,11.308,399.0,
mediation,primary,cell16_b_path_only_n250,TE,5,False,True,0.0,5.0,0.0,0.0,0.0,0.10789049206893245,0.08921445698979424,0.04378255601385053,0.1389532551734583,5.0,0.5207827503302801,5.0,5.0,1.0,0.5655175352168251,1.0,3.0,5.0,0.6,0.2307242812760128,0.882379225767352,2.2616,2.099,11.308,399.0,
mediation,primary,cell16_b_path_only_n250,TNIE,5,True,True,0.0,5.0,0.0,0.0,0.0,0.02403211113539698,0.019872110175315504,0.019272853114849994,0.04542371444928744,5.0,0.22139618308553383,5.0,5.0,1.0,0.5655175352168251,1.0,0.0,5.0,0.0,0.0,0.43448246478317476,2.2616,2.099,11.308,399.0,
mediation,secondary,cell02_linear_n250,PNDE,5,False,True,0.0,5.0,0.0,0.0,0.0,0.045956090884164046,0.03748396559742317,0.049084479051507625,0.1083932960306361,5.0,0.5275545739426827,5.0,5.0,1.0,0.5655175352168251,1.0,3.0,5.0,0.6,0.2307242812760128,0.882379225767352,1.7814000000000008,1.7110000000000003,8.907000000000004,1000.0,
mediation,secondary,cell02_linear_n250,TE,5,False,True,0.0,5.0,0.0,0.0,0.0,0.010686285308976496,0.008716240724120283,0.0347400246418945,0.07029704077827598,5.0,0.5545370807895027,5.0,5.0,1.0,0.5655175352168251,1.0,5.0,5.0,1.0,0.5655175352168251,1.0,1.7814000000000008,1.7110000000000003,8.907000000000004,1000.0,
mediation,secondary,cell02_linear_n250,TNIE,5,False,True,0.0,5.0,0.0,0.0,0.0,-0.03526980557518757,0.028767724873302904,0.03584426607728219,0.07989496121650942,5.0,0.2527381278033414,3.0,5.0,0.6,0.2307242812760128,0.882379225767352,5.0,5.0,1.0,0.5655175352168251,1.0,1.7814000000000008,1.7110000000000003,8.907000000000004,1000.0,
mediation,secondary,cell07_serial_three_n200,PNDE,5,False,False,,,,,,,,,,,,,,,,,,,,,,,,,,three serial mediators are outside mediate()'s single-mediator design
mediation,secondary,cell07_serial_three_n200,TE,5,False,False,,,,,,,,,,,,,,,,,,,,,,,,,,three serial mediators are outside mediate()'s single-mediator design
mediation,secondary,cell07_serial_three_n200,TNIE,5,False,False,,,,,,,,,,,,,,,,,,,,,,,,,,three serial mediators are outside mediate()'s single-mediator design
mediation,secondary,cell09_spline_n250,PNDE,5,False,True,0.0,5.0,0.0,0.0,0.0,-0.06728761722145926,0.0529333017188051,0.037909684182407914,0.10137159390372263,5.0,0.49988682731308065,5.0,5.0,1.0,0.5655175352168251,1.0,0.0,5.0,0.0,0.0,0.43448246478317476,6.95,6.977,34.75,1000.0,
mediation,secondary,cell09_spline_n250,TE,5,False,True,0.0,5.0,0.0,0.0,0.0,-0.05290520032383006,0.04161905335447081,0.0444771336968752,0.1034979319062146,5.0,0.5285541451519382,5.0,5.0,1.0,0.5655175352168251,1.0,2.0,5.0,0.4,0.11762077423264783,0.769275718723987,6.95,6.977,34.75,1000.0,
mediation,secondary,cell09_spline_n250,TNIE,5,False,True,0.0,5.0,0.0,0.0,0.0,0.01438241689762917,0.011314248364334267,0.011704242512024792,0.02747382548787778,5.0,0.24020047467660546,5.0,5.0,1.0,0.5655175352168251,1.0,4.0,5.0,0.8,0.37553462976252533,0.9637758913675698,6.95,6.977,34.75,1000.0,
mediation,secondary,cell10_moderated_n150,TNIE_W0,5,False,True,0.0,5.0,0.0,0.0,0.0,0.0002991774119059126,0.00024284722835126542,0.04178908608209175,0.08357870763196626,5.0,0.41484384641141603,5.0,5.0,1.0,0.5655175352168251,1.0,1.0,5.0,0.2,0.03622410863243014,0.6244653702374747,5.4677999999999995,5.393999999999997,27.339,1000.0,
mediation,secondary,cell10_moderated_n150,TNIE_W1,5,False,True,0.0,5.0,0.0,0.0,0.0,0.026544064573394227,0.021546254009487297,0.06642313886966912,0.13547221439569784,5.0,0.628519737685776,5.0,5.0,1.0,0.5655175352168251,1.0,4.0,5.0,0.8,0.37553462976252533,0.9637758913675698,5.4677999999999995,5.393999999999997,27.339,1000.0,
mediation,secondary,cell10_moderated_n150,TNIE_difference,5,False,True,0.0,5.0,0.0,0.0,0.0,0.026244887161488283,0.021303406781136007,0.08804604613209946,0.17803712831907395,5.0,0.7386261816326063,5.0,5.0,1.0,0.5655175352168251,1.0,3.0,5.0,0.6,0.2307242812760128,0.882379225767352,5.4677999999999995,5.393999999999997,27.339,1000.0,
mediation,secondary,cell11_binary_mediator_n150,PNDE,5,False,True,0.0,5.0,0.0,0.0,0.0,0.03756875837697634,0.03391534076360635,0.031946164082823664,0.07411910148142921,5.0,0.6200590939372004,5.0,5.0,1.0,0.5655175352168251,1.0,1.0,5.0,0.2,0.03622410863243014,0.6244653702374747,1.4926000000000001,1.4510000000000023,7.463000000000001,1000.0,
mediation,secondary,cell11_binary_mediator_n150,TE,5,False,True,0.0,5.0,0.0,0.0,0.0,0.022873199529790104,0.020648868632352897,0.0371979741828556,0.07783277195348473,5.0,0.6561575249106066,5.0,5.0,1.0,0.5655175352168251,1.0,4.0,5.0,0.8,0.37553462976252533,0.9637758913675698,1.4926000000000001,1.4510000000000023,7.463000000000001,1000.0,
mediation,secondary,cell11_binary_mediator_n150,TNIE,5,False,True,0.0,5.0,0.0,0.0,0.0,-0.014695558847186239,0.013266472131253454,0.02745553268546036,0.05684350930405901,5.0,0.26873085613161984,5.0,5.0,1.0,0.5655175352168251,1.0,2.0,5.0,0.4,0.11762077423264783,0.769275718723987,1.4926000000000001,1.4510000000000023,7.463000000000001,1000.0,
mediation,secondary,cell16_b_path_only_n250,PNDE,5,False,True,0.0,5.0,0.0,0.0,0.0,0.08376155959221845,0.06926228541865989,0.04323732797404512,0.1203904688364546,5.0,0.48502289934217746,5.0,5.0,1.0,0.5655175352168251,1.0,3.0,5.0,0.6,0.2307242812760128,0.882379225767352,2.2792,2.2170000000000005,11.395999999999999,1000.0,
mediation,secondary,cell16_b_path_only_n250,TE,5,False,True,0.0,5.0,0.0,0.0,0.0,0.10731584192976076,0.08873927980650217,0.044603651094021764,0.1395515413485724,5.0,0.5350499478175061,5.0,5.0,1.0,0.5655175352168251,1.0,2.0,5.0,0.4,0.11762077423264783,0.769275718723987,2.2792,2.2170000000000005,11.395999999999999,1000.0,
mediation,secondary,cell16_b_path_only_n250,TNIE,5,True,True,0.0,5.0,0.0,0.0,0.0,0.02355428233754229,0.019476994387842256,0.01933182358938829,0.04527341195007921,5.0,0.22961893620177629,5.0,5.0,1.0,0.5655175352168251,1.0,0.0,5.0,0.0,0.0,0.43448246478317476,2.2792,2.2170000000000005,11.395999999999999,1000.0,
mediation_reseed,primary,cell02_linear_n250,PNDE,5,False,True,0.0,5.0,0.0,0.0,0.0,0.04764430105960066,0.038860949821272625,0.049852280095997924,0.11050329744644359,5.0,0.5158847962215939,5.0,5.0,1.0,0.5655175352168251,1.0,3.0,5.0,0.6,0.2307242812760128,0.882379225767352,2.3931999999999998,2.298,11.966,399.0,
mediation_reseed,primary,cell02_linear_n250,TE,5,False,True,0.0,5.0,0.0,0.0,0.0,0.012708497534409835,0.010365652848399807,0.035339944866737,0.07181331855803731,5.0,0.540587412256495,5.0,5.0,1.0,0.5655175352168251,1.0,5.0,5.0,1.0,0.5655175352168251,1.0,2.3931999999999998,2.298,11.966,399.0,
mediation_reseed,primary,cell02_linear_n250,TNIE,5,False,True,0.0,5.0,0.0,0.0,0.0,-0.034935803525190816,0.028495296972872813,0.03561584015884672,0.07933764963012713,5.0,0.25048458001918417,4.0,5.0,0.8,0.37553462976252533,0.9637758913675698,5.0,5.0,1.0,0.5655175352168251,1.0,2.3931999999999998,2.298,11.966,399.0,
mediation_reseed,primary,cell07_serial_three_n200,PNDE,5,False,False,,,,,,,,,,,,,,,,,,,,,,,,,,three serial mediators are outside mediate()'s single-mediator design
mediation_reseed,primary,cell07_serial_three_n200,TE,5,False,False,,,,,,,,,,,,,,,,,,,,,,,,,,three serial mediators are outside mediate()'s single-mediator design
mediation_reseed,primary,cell07_serial_three_n200,TNIE,5,False,False,,,,,,,,,,,,,,,,,,,,,,,,,,three serial mediators are outside mediate()'s single-mediator design
mediation_reseed,primary,cell09_spline_n250,PNDE,5,False,True,0.0,5.0,0.0,0.0,0.0,-0.0703610508907099,0.05535108672063891,0.037290855717581305,0.10253345387259191,5.0,0.49874852817608256,5.0,5.0,1.0,0.5655175352168251,1.0,0.0,5.0,0.0,0.0,0.43448246478317476,3.9334000000000002,3.937000000000001,19.667,399.0,
mediation_reseed,primary,cell09_spline_n250,TE,5,False,True,0.0,5.0,0.0,0.0,0.0,-0.07466239923456153,0.0587348381311461,0.05354684361378242,0.13055087783487532,5.0,0.51208414811919,5.0,5.0,1.0,0.5655175352168251,1.0,2.0,5.0,0.4,0.11762077423264783,0.769275718723987,3.9334000000000002,3.937000000000001,19.667,399.0,
mediation_reseed,primary,cell09_spline_n250,TNIE,5,False,True,0.0,5.0,0.0,0.0,0.0,-0.004301348343851654,0.0033837514105072132,0.019155916624403305,0.03855253771750336,5.0,0.23360793132220842,5.0,5.0,1.0,0.5655175352168251,1.0,4.0,5.0,0.8,0.37553462976252533,0.9637758913675698,3.9334000000000002,3.937000000000001,19.667,399.0,
mediation_reseed,primary,cell10_moderated_n150,TNIE_W0,5,False,True,0.0,5.0,0.0,0.0,0.0,-0.001444169285571159,0.0011722559735936134,0.04128744197772103,0.08258751167809883,5.0,0.40437653103330584,5.0,5.0,1.0,0.5655175352168251,1.0,2.0,5.0,0.4,0.11762077423264783,0.769275718723987,4.6826,4.622000000000001,23.413,399.0,
mediation_reseed,primary,cell10_moderated_n150,TNIE_W1,5,False,True,0.0,5.0,0.0,0.0,0.0,0.02673598348824564,0.021702037750789615,0.06568238791069152,0.13405788727145435,5.0,0.6571182527991306,5.0,5.0,1.0,0.5655175352168251,1.0,4.0,5.0,0.8,0.37553462976252533,0.9637758913675698,4.6826,4.622000000000001,23.413,399.0,
mediation_reseed,primary,cell10_moderated_n150,TNIE_difference,5,False,True,0.0,5.0,0.0,0.0,0.0,0.028180152773816775,0.02287429372438321,0.0872136210518837,0.17668894645189875,5.0,0.763209116665374,5.0,5.0,1.0,0.5655175352168251,1.0,2.0,5.0,0.4,0.11762077423264783,0.769275718723987,4.6826,4.622000000000001,23.413,399.0,
mediation_reseed,primary,cell11_binary_mediator_n150,PNDE,5,False,True,0.0,5.0,0.0,0.0,0.0,0.03613793804549918,0.032623662219785125,0.030751195719047723,0.07133368572270085,5.0,0.6253299715022681,5.0,5.0,1.0,0.5655175352168251,1.0,0.0,5.0,0.0,0.0,0.43448246478317476,2.583,2.4769999999999994,12.915000000000001,399.0,
mediation_reseed,primary,cell11_binary_mediator_n150,TE,5,False,True,0.0,5.0,0.0,0.0,0.0,0.006990535918640106,0.0063107331209062605,0.03063793821927779,0.06167333804605463,5.0,0.6487156873428658,5.0,5.0,1.0,0.5655175352168251,1.0,4.0,5.0,0.8,0.37553462976252533,0.9637758913675698,2.583,2.4769999999999994,12.915000000000001,399.0,
mediation_reseed,primary,cell11_binary_mediator_n150,TNIE,5,False,True,0.0,5.0,0.0,0.0,0.0,-0.02914740212685909,0.02631292909887888,0.010059830589712238,0.03541711191951809,5.0,0.2675864702705107,5.0,5.0,1.0,0.5655175352168251,1.0,2.0,5.0,0.4,0.11762077423264783,0.769275718723987,2.583,2.4769999999999994,12.915000000000001,399.0,
mediation_reseed,primary,cell16_b_path_only_n250,PNDE,5,False,True,0.0,5.0,0.0,0.0,0.0,0.08385838093353548,0.06934234681447875,0.04240572525233531,0.11926948557573368,5.0,0.4855728836677368,5.0,5.0,1.0,0.5655175352168251,1.0,2.0,5.0,0.4,0.11762077423264783,0.769275718723987,2.372,2.271000000000001,11.86,399.0,
mediation_reseed,primary,cell16_b_path_only_n250,TE,5,False,True,0.0,5.0,0.0,0.0,0.0,0.10789049206893242,0.08921445698979422,0.04378255601385049,0.13895325517345822,5.0,0.5415864220039406,5.0,5.0,1.0,0.5655175352168251,1.0,2.0,5.0,0.4,0.11762077423264783,0.769275718723987,2.372,2.271000000000001,11.86,399.0,
mediation_reseed,primary,cell16_b_path_only_n250,TNIE,5,True,True,0.0,5.0,0.0,0.0,0.0,0.02403211113539696,0.019872110175315486,0.019272853114849976,0.045423714449287396,5.0,0.22261377165669666,5.0,5.0,1.0,0.5655175352168251,1.0,0.0,5.0,0.0,0.0,0.43448246478317476,2.372,2.271000000000001,11.86,399.0,
