A,M,Y
0,0.259738,0.200617
1,-0.711588,-0.124978
1,0.833048,-0.369895
0,2.963441,1.20983
1,1.329115,2.779522
1,0.590417,1.138634
1,-0.506321,-1.440933
0,-1.002243,0.052565
1,2.962348,0.173517
1,-0.060101,0.07581
0,-0.433634,-1.138003
0,0.352655,0.751188
0,0.769812,0.326523
0,1.029235,-1.148379
1,0.05322,-0.098836
1,1.695734,2.001564
0,-0.65298,-0.019735
0,-0.179901,-0.510191
0,-0.322351,0.812096
1,-1.515697,-2.093436
0,0.518122,0.042345
1,1.590045,0.006035
1,1.134542,0.601648
0,2.904482,-1.212507
1,-1.496114,-1.933297
0,-1.018504,-0.341003
0,-0.006482,2.125118
0,0.526303,1.967335
1,0.077061,-1.338149
0,1.114995,0.871332
1,0.668787,-1.573967
0,-1.230597,-1.653585
0,0.675743,0.863293
0,-0.540299,-1.534866
0,-0.712617,1.176212
1,0.135801,-0.385403
0,-1.015187,-0.293879
1,1.490288,-0.550485
1,1.882667,0.464076
1,-0.725621,0.403667
0,0.198632,-0.001013
1,1.869223,1.586942
1,1.24499,0.782436
1,1.400129,2.2895
0,-2.41414,-0.743734
1,0.86081,0.573588
1,-0.225377,0.000318
1,-0.57948,-0.458606
0,-0.555453,-1.328456
0,-0.49998,-1.442361
1,-0.245273,0.775923
0,-0.408305,-0.91326
0,0.106863,-0.484414
1,1.504687,0.115383
0,1.039876,0.613967
1,1.478254,2.869818
1,0.596035,0.538527
1,-1.335137,-1.045514
1,1.270519,-1.207819
0,-0.180663,-0.685621
1,0.009825,0.138357
0,-1.220895,-1.305263
1,0.27952,-0.679789
0,-0.560193,-0.683225
0,-1.193077,-0.231344
1,-0.209028,-0.118876
1,0.804382,0.218428
1,0.532131,0.605106
0,-0.353628,0.38438
0,-0.185375,-0.282569
1,0.813197,1.042527
1,0.188679,1.675927
0,1.967075,0.93519
0,-0.774327,-0.962754
1,-0.192929,0.297135
0,0.496906,1.770938
0,-0.448842,-0.310682
1,1.009932,1.176195
0,-1.897486,-1.845625
0,-1.6714,-0.071089
0,1.269602,1.66168
1,1.509037,0.429707
1,0.902429,0.343193
0,-0.184734,0.240094
1,1.903884,1.850987
1,1.256191,0.301117
1,2.105641,2.499055
1,3.387056,1.34969
1,-1.196558,-1.491624
0,-1.164125,-1.081544
0,0.467677,-1.204039
0,0.111272,1.731567
0,-1.241603,-0.354387
0,0.054407,0.112644
1,0.286558,1.085987
0,1.192552,-0.445958
1,0.045259,-1.159012
1,1.251237,0.584502
0,-1.124485,-0.92152
0,0.969743,0.542379
1,1.720164,0.352184
0,0.286811,0.232452
1,-0.709112,-0.097464
1,0.294803,-1.282009
1,0.858468,1.422019
0,-0.317149,0.207963
1,0.856371,1.363116
0,0.282431,0.552499
1,0.558017,1.9443
1,-0.968064,1.069968
0,0.524843,0.600917
0,-0.079508,-0.859126
0,-0.142015,-1.074799
1,0.068494,1.479169
1,-0.92984,1.410185
0,0.512789,0.012248
1,0.052671,1.63552
1,0.199205,-0.780051
1,0.368964,1.09257
1,0.5182,-1.391342
0,0.689184,2.485035
1,0.275533,0.845971
1,0.059898,0.947588
1,1.194659,1.637087
0,1.266287,0.049777
1,1.005571,0.142182
0,0.791951,-0.013603
1,-0.098113,-0.034593
0,-0.697593,0.100475
0,0.47406,0.660054
1,-0.257051,0.279725
0,-0.183872,0.089293
0,-1.859777,-0.806612
0,0.27941,0.620807
0,0.864182,0.034098
0,1.102763,1.200682
0,-0.467244,-0.748668
1,0.362676,-1.606495
0,-0.947555,0.798276
1,0.308105,0.286527
0,-0.579696,-0.561575
1,0.50284,-0.958345
1,-1.073483,-0.387406
0,0.49089,0.879882
0,1.318725,0.831604
0,-1.919572,-0.685466
0,-0.873267,-1.554813
1,2.138791,1.365458
1,0.307575,1.105878
0,-1.351141,-1.286052
