n,node,check,count,mean_seconds,median_seconds,p95_seconds,max_seconds
100,mediator,information,36,0.11608277041666601,0.13077259150001197,0.13976341200000772,0.1485470929999977
100,mediator,conventional,36,0.008519004777777449,0.00908602050001045,0.01044509699999265,0.0108127220000042
100,mediator,node_total,36,0.1248734173888874,0.14000786350000632,0.1506657404999796,0.1590320229999946
100,outcome,information,36,0.12257534747222046,0.1327349270000013,0.15448609999997484,0.1562294510000015
100,outcome,information_insample,36,0.12155485522222238,0.13159412750000138,0.1501595282500076,0.151707162000001
100,outcome,information_k20,36,0.13083950888888984,0.1453176429999985,0.16110835324999684,0.1638106850000014
100,outcome,conventional,36,0.009771422333331567,0.01071793099999135,0.011773555000001299,0.0120847780000303
100,outcome,node_total,36,0.3857803756944392,0.42362463700000674,0.4801732867499879,0.4829334510000009
250,mediator,information,36,0.40586323027778015,0.4448939444999915,0.4891799479999967,0.5217178789999934
250,mediator,conventional,36,0.00872286219444218,0.00937727499999845,0.010434283500002174,0.0105461559999753
250,mediator,node_total,36,0.414844204500001,0.45473759549999926,0.49962423950000456,0.5323065139999983
250,outcome,information,36,0.33121187791666606,0.36306967349997876,0.39799339925001215,0.4132756879999988
250,outcome,information_insample,36,0.33127563349999967,0.36297461199998793,0.39943613499999664,0.4163195830000035
250,outcome,information_k20,36,0.41328058202777523,0.44728112749999127,0.5040088717500044,0.5186722209999886
250,outcome,conventional,36,0.009810038611110579,0.010749331499997749,0.01179171950000495,0.0120424699999972
250,outcome,node_total,36,1.086447814083335,1.1839723364999983,1.3131500362500077,1.358851270999999
500,mediator,information,36,1.2679598870833333,1.3714748120000024,1.5158579167500044,1.673780805000007
500,mediator,conventional,36,0.008782606111109963,0.00933101649999905,0.010664638249973924,0.0107650209999974
500,mediator,node_total,36,1.2769923498888909,1.3820295955000006,1.525683800250004,1.6843909739999958
500,outcome,information,36,0.9076006016944456,0.9844974969999996,1.129116562750017,1.239449186999991
500,outcome,information_insample,36,0.9052902624722248,0.9883366970000083,1.138061506750013,1.239988165000014
500,outcome,information_k20,36,1.2213888936944464,1.3144746635000075,1.4998447099999979,1.6849880519999942
500,outcome,conventional,36,0.009908434138888504,0.0107804175000012,0.0119171167499985,0.0125671770000082
500,outcome,node_total,36,3.0451016680555565,3.2995232945000126,3.7785448772500243,4.177109571999992
