A,M1,M2,Y
0.0,-1.018261,-0.631732,-0.294822
1.0,-0.656955,-1.657955,-0.114691
1.133466,1.67329,0.071777,-0.416697
1.6346,2.181238,0.133069,0.338014
-1.064952,-1.954743,-0.304001,-3.328146
-0.270322,1.902521,0.457888,1.869296
-1.944431,-1.717708,0.278216,-0.674348
0.740096,0.233096,-1.49532,-1.476126
0.817416,0.058203,-0.916008,0.790501
1.608571,1.66027,0.719051,1.178989
0.123964,-0.116505,0.032581,1.300292
1.952457,0.556856,-1.617259,1.457908
-2.291824,-1.123693,0.992588,-1.22021
-1.099648,-0.775854,0.217685,-0.762347
-0.289304,0.104797,-0.276521,-0.842021
-0.711408,2.138448,2.20065,3.632288
-0.869888,-0.628095,0.324527,-0.115567
-0.549643,-0.923799,1.498467,-0.955506
-2.36271,0.049871,1.107274,0.221195
2.583995,2.274079,0.347446,3.445876
-1.071548,-0.848419,-0.710343,-0.907649
-0.888355,-0.608942,0.435176,-0.518138
0.363007,-0.042669,-0.689006,-0.385894
-1.335665,0.800342,-0.453564,0.372207
0.739093,0.156292,-1.791141,-0.390973
1.397863,0.175921,-1.97755,-1.759997
-1.030506,-1.173727,1.492985,0.812755
-0.806508,-0.265761,0.04972,1.473863
-1.544725,-0.014234,1.737372,1.510712
-1.132543,0.009244,-0.518959,0.263071
-1.55992,-2.875642,-1.76199,-0.542624
0.862252,0.40769,-0.378336,-0.880567
0.985577,0.455479,0.42817,0.773082
0.858739,-0.161974,-0.50127,-1.790586
-0.412788,-0.74893,0.553866,0.222404
-0.964315,-1.779778,-0.395237,-0.508809
-0.160684,-0.177976,0.710587,-0.247196
0.18469,0.981784,0.557175,2.108802
-1.47483,-1.846848,-0.781312,-0.894874
1.107296,1.560812,1.621894,1.480863
0.19839,0.135912,-0.584654,-0.220691
1.148109,0.816326,-0.379766,-2.344972
0.170628,-1.506469,0.191839,-1.369392
0.850794,-1.053203,-1.022839,-1.360785
0.618914,1.35935,-0.464733,0.146566
-0.478739,1.499504,1.063795,-0.539088
-0.32594,-1.484644,-1.529869,-0.643645
0.083221,-0.042002,-0.589604,-0.022514
-0.098301,1.00799,0.523687,0.322403
-0.588734,-0.545789,-1.023439,1.063355
-1.164667,0.170127,-0.003568,-0.078804
0.689872,0.106032,0.209699,0.205306
-1.258845,-0.353424,1.300335,1.419319
-0.252976,-1.034409,-1.21403,0.18795
0.621494,0.060284,-0.543818,-0.624949
-0.527386,-1.158464,-0.249269,0.483334
0.092027,-0.081371,0.082832,0.381062
0.315941,0.942589,1.184911,1.012519
-0.213386,-0.692794,0.20376,-1.777392
1.131966,0.735549,0.154224,1.371854
0.349196,-1.043838,-1.645702,-1.2878
1.049677,1.014436,-0.818972,-0.854109
0.446155,0.177654,0.538401,-0.194484
-1.132053,0.307068,0.022114,0.407075
0.274528,-0.914238,-0.927443,-1.606164
-0.863306,2.105792,2.503564,3.913307
0.086255,1.40765,-0.035242,-1.735846
0.59107,0.923585,1.146058,0.380665
0.521132,-0.796617,-0.763211,0.887622
1.322988,1.758271,0.222633,0.178888
0.611958,0.390791,0.7384,-0.526421
-0.351429,-0.428056,1.64914,1.360719
1.098108,0.51024,0.530396,-1.169406
-0.922913,-2.308145,-1.86034,-1.200552
1.328412,0.976423,0.371054,1.837134
0.040358,-1.474835,-1.360647,-0.347267
-1.77698,-1.097405,0.539224,-0.649758
-1.664736,-0.324197,2.762712,3.032782
1.101475,0.73284,1.20687,1.441125
-0.210405,2.079946,2.666837,4.073599
-1.149591,-2.12249,0.117595,-1.607595
-0.887824,0.211453,1.322602,-0.436322
0.627862,-0.815253,0.050988,0.844033
0.744278,0.381009,-0.565916,-0.371979
0.45602,1.584273,0.294073,0.555873
0.737557,1.80245,1.217303,0.259183
0.773342,-0.643759,-1.513077,-1.958018
0.270213,-0.820191,0.72455,-0.329678
-0.5654,-0.238228,1.15212,0.107532
1.846974,0.44194,-0.116684,0.010817
0.69165,-0.138729,-1.537313,0.60499
0.550681,0.111588,0.560195,0.063721
-1.02498,-1.67251,-0.678105,-0.547006
0.838351,1.549429,0.497309,1.141366
-0.528699,-0.873809,-0.345844,0.060127
1.270796,0.65488,-0.228343,0.894778
0.570011,-2.189542,-2.964697,-1.327505
0.101118,0.77766,-0.098638,0.420686
-0.653842,1.534072,2.039115,2.800458
0.103686,1.546777,0.282222,-0.258073
0.084194,-1.104089,-1.768459,1.181203
-0.786682,-0.490287,0.346711,1.469302
0.115429,0.388901,-0.052997,-0.876918
1.017089,-0.781576,-2.381784,-1.968378
1.181464,2.319474,-0.092583,2.76002
1.376871,1.181624,-0.091532,1.416215
0.478736,-0.897644,-1.052837,0.336548
-0.287031,0.337544,0.182639,-0.566724
-0.060271,0.503984,0.18111,1.542739
1.064975,1.184063,0.560461,2.318091
-0.898286,-0.893779,-0.881593,-0.387515
-0.577273,-0.256518,1.387645,-0.903526
0.244755,-0.162511,-0.615621,-1.10487
0.8531,-0.045136,-0.051876,0.320911
0.172413,2.177382,2.660905,4.847294
-1.226377,-1.56008,-0.820882,-1.122893
-0.075498,-1.237725,-1.518517,-1.224596
0.105549,1.591148,-1.16433,-0.704847
-1.847405,-0.994595,1.304905,-1.038898
-0.257572,-2.112291,-0.98502,-1.701109
-1.748426,-2.008795,-0.581851,-1.054617
-0.346116,-2.390616,-2.069627,-1.559797
1.021712,0.74916,1.37665,1.068208
0.786683,2.418139,-0.210319,1.92803
1.388854,-0.128058,-1.528143,-0.617862
1.070882,-0.05306,-0.144141,-0.934949
1.319677,3.782796,2.444708,4.566973
1.029797,1.125525,1.191624,3.803001
0.101642,0.678658,0.293366,0.94351
-0.501341,0.342541,-0.058515,-0.577427
-2.465694,-0.242871,0.169415,-1.537117
1.301512,1.567558,-1.006761,-0.484762
1.429814,1.285201,0.310949,-0.437096
-0.277844,0.774932,1.249059,1.783632
1.238287,1.356081,-0.566223,0.03647
0.447205,-0.380766,-0.841046,-0.380799
1.486181,0.320372,0.583933,0.884111
-0.221417,-1.159416,-1.607698,-0.867148
-0.581385,-1.443406,0.428268,-0.928782
0.315532,0.368903,1.894591,1.698181
0.178412,0.544941,0.14512,0.838576
-1.463631,-1.216413,0.264905,-1.919035
-1.218822,-1.837053,-0.183509,-2.348329
0.13157,-0.176429,-0.171691,-0.691876
0.453279,1.535705,0.614713,2.719819
-1.828594,0.663942,2.260756,1.783704
1.226889,-2.373679,-2.37989,-2.011055
1.108547,0.816988,-0.827821,2.513223
1.433232,1.696298,0.526193,1.885985
0.716591,-1.481255,-0.756619,-1.402111
0.665558,0.4671,-0.545372,0.379167
-1.343889,-0.053131,0.671789,-1.011248
-0.147115,-1.244357,-0.531852,-0.513135
-1.131532,-0.075042,0.16862,0.54291
-0.487371,-0.025461,0.34578,0.008896
0.472117,2.646004,2.049689,4.372552
2.416145,1.392002,-0.693095,-1.24751
-0.773529,-1.199452,0.059759,0.302222
-1.381269,-0.02872,2.384798,1.200536
-0.509049,-2.298777,-1.951406,-0.655752
-0.477421,0.333794,-0.076505,-0.073027
-1.044373,1.067575,1.485239,1.741521
0.476861,0.524828,0.665156,0.262476
1.041021,0.369825,0.132702,0.19339
-0.57171,-0.700366,-1.360839,-1.298019
-0.103618,1.66646,1.06509,1.677499
0.245366,2.031502,0.202382,0.585522
-0.64403,0.519397,-0.774394,-1.029792
0.371003,0.344938,-0.205719,1.092835
0.166585,-0.444077,-2.774407,-0.071089
-0.837192,0.259713,-0.458759,0.0507
-0.442854,0.820571,0.67285,1.170738
-0.431153,-0.435983,0.288675,0.427882
-0.136385,-1.000456,-0.45385,-2.206641
0.957158,0.00268,-1.211963,2.070068
-0.189558,-0.275278,-0.559241,-0.787948
2.628857,2.060171,-2.110626,-2.340598
0.775507,1.339516,1.076803,1.145681
0.197755,-1.536985,-0.820175,-0.405119
-0.755113,-0.703385,1.037808,-0.423365
0.017663,0.468652,-0.42847,-0.375182
0.524624,-0.523705,-0.291704,-1.621717
-1.04943,1.274415,1.562181,1.099179
0.172844,-1.631605,-1.254934,-1.250119
-0.136683,0.7402,-0.212257,0.800154
0.488677,-0.564206,1.804357,0.182959
1.180127,0.100768,-0.851229,-0.146681
0.612235,0.473672,0.227074,0.30489
0.250965,2.669775,-0.219945,0.733785
1.909837,0.54541,-0.656087,1.71968
-0.290444,1.650871,1.096532,2.027958
-0.415205,0.71722,0.769335,0.564506
-0.997887,0.490955,-0.705822,-0.67583
-0.069142,0.579396,0.796357,-1.209206
0.413553,0.863878,0.423577,1.568126
0.467677,2.100687,0.51917,1.212726
0.272882,0.867841,-1.996764,-1.499584
-1.074543,-0.224201,0.142343,0.046094
-0.29393,1.401643,0.868841,1.716655
0.130735,-0.248267,0.687665,1.233864
