A,W,C,M1,M2,Y
0,0,0.508757,0.515138,-2.028204,0.521544
1,1,1.789823,0.199594,0.325883,0.35827
1,0,-0.424697,0.284198,-1.551162,-0.914415
0,0,0.036849,-0.219271,0.213468,-0.210809
0,1,-0.426215,1.375632,0.930853,1.046652
0,0,0.628977,0.062543,-0.61923,-0.030271
0,0,1.411853,0.513338,0.138109,-0.445103
0,1,-0.454093,1.296835,-0.516955,0.892979
1,0,2.892503,1.355406,1.241422,0.956812
1,0,1.988744,0.635916,1.463169,1.769929
0,0,1.051595,-0.537326,-0.553445,-0.168866
1,1,0.525297,1.228889,0.857703,1.961371
0,0,-0.904741,-2.585188,-1.460609,-1.160213
1,0,-1.663509,0.693671,-0.329694,-1.99699
0,0,0.137824,0.978935,0.344032,0.205352
0,0,-0.78579,-0.512116,-0.492236,-1.545638
1,0,-2.463794,-0.924084,0.55574,1.399339
1,0,0.335282,0.756723,0.626119,-1.185424
1,0,1.352523,0.350837,0.492774,2.293753
0,0,0.312682,-0.717991,0.099312,-2.450164
0,1,-0.443244,0.689386,0.453852,2.752266
0,1,-0.86194,0.254043,-1.073022,0.179546
1,0,-0.598639,-2.008045,-2.033027,-1.042817
1,1,-0.017815,1.495553,0.642311,0.845943
0,1,-0.079651,-1.323196,0.682888,-0.701991
0,0,-0.362738,-1.319456,-0.697701,-1.97627
1,0,-0.914584,-0.015522,1.187766,1.413386
0,0,-1.215435,0.303547,0.075662,-0.656638
1,0,0.986578,0.855066,2.415421,1.671483
1,0,-2.182911,-0.848011,-0.166951,-0.809289
0,1,1.657333,-0.109867,-0.161564,1.161387
0,0,-1.504076,-1.116615,0.238001,0.481906
1,0,-0.883582,-0.589485,-1.647459,-0.766556
1,1,-2.294419,1.068802,-0.117508,-1.059965
1,0,0.65593,0.135513,0.85215,0.003291
1,1,1.06637,0.267188,-0.716669,-0.79638
0,0,-0.86754,-0.407406,-0.284798,-0.521102
0,0,-1.131154,-0.834683,-1.684718,-0.601615
0,1,0.342175,1.397267,0.574316,1.492454
1,1,-0.811385,0.742899,-0.653288,2.077889
0,0,0.742133,-1.316387,-1.303632,0.86318
1,1,0.076885,1.460669,0.935705,2.441458
1,1,-1.047053,0.619359,1.68552,0.332113
1,1,-0.360872,0.129274,-0.226567,0.834913
1,1,1.891893,0.814041,1.092679,2.169391
1,1,-0.623663,0.187932,0.08349,1.2499
1,1,-0.390345,0.718985,-0.5224,0.984347
0,1,-0.987862,-0.91609,-2.087286,0.754179
0,1,-0.329875,0.625154,1.677374,2.035244
1,0,0.119719,-0.735673,-0.071782,1.026617
0,1,-0.532419,0.122134,-0.31592,1.831434
1,0,-0.826761,1.071236,1.011516,-1.251038
0,1,0.916831,0.762995,-0.801251,0.258274
0,1,-0.575064,1.705968,-0.914122,-0.370052
0,0,0.132887,0.686305,-0.370966,-0.584154
0,1,-0.672835,1.114652,1.415946,0.925187
1,0,-1.526774,0.80817,0.467023,0.825698
0,0,1.294489,0.615984,1.936432,2.155564
0,1,-0.531911,1.191503,0.611518,1.640575
0,0,0.608277,0.449091,-0.825186,2.521421
0,0,1.44524,0.096776,1.508787,-0.175395
0,1,0.412355,2.012048,2.511825,2.134688
0,0,-0.844162,0.183248,-1.333077,-0.15817
1,1,-0.031727,1.034289,-0.798139,-0.143931
1,0,0.404984,-0.067179,0.923514,-0.129574
0,1,-0.100551,0.177426,1.295645,2.672397
0,1,0.768481,0.533158,1.216585,0.7825
1,0,0.664749,2.167414,2.624728,1.367609
0,1,-0.811667,0.578224,-1.091238,-1.268234
1,0,-1.901753,-0.197765,1.659244,-0.996571
0,1,0.92378,1.091827,-0.067853,0.469396
0,1,0.248832,-0.662518,0.861624,-1.775154
1,1,2.177418,0.342344,2.123887,2.308602
0,0,-1.818881,-1.049419,-0.059053,1.12435
0,1,1.439966,2.237794,0.567886,1.8894
0,0,-0.492698,0.526083,0.685124,-0.739573
1,0,0.008113,0.995205,2.326646,1.247783
1,1,0.955988,1.898765,-0.501188,0.528927
0,1,0.655381,1.312281,2.544401,0.895265
1,0,-0.24768,2.439057,0.894826,-0.55209
1,1,-0.484886,1.108283,2.804861,2.237616
0,1,-0.19631,0.321557,0.583521,1.669108
0,1,1.01178,-0.021183,1.27494,0.922803
1,0,-0.03454,0.679625,1.676758,-0.600148
0,0,0.278943,-0.959727,-1.099234,-1.056121
0,1,-0.683064,0.477317,0.827176,0.531678
0,0,-0.631188,-0.808363,-1.616942,0.786854
0,0,-0.878652,0.48727,-0.812095,0.964867
1,0,0.46367,2.119235,1.234187,2.672085
1,1,-0.255832,1.003106,0.213889,2.125645
1,1,0.131813,0.660082,1.466851,1.004752
1,1,-0.477729,-0.871023,-0.814678,0.239287
0,1,-0.090607,-0.837028,-0.824507,-0.08334
1,0,-1.329859,-0.827616,0.522786,0.090367
1,0,0.559785,-0.077954,1.232889,-0.215446
0,0,0.159581,-0.207051,1.040932,1.290337
1,0,0.63047,-0.873918,0.236409,1.548145
1,1,0.418103,1.56167,2.399037,3.656659
1,0,-1.996956,-0.288277,0.69935,1.208873
1,0,0.726563,1.052462,1.469493,-1.335572
1,1,1.387984,-1.060561,1.909452,0.700279
0,0,1.468611,1.355314,2.644976,1.606285
0,1,-0.321015,-0.207712,-0.020532,-0.147386
1,0,1.045032,-1.023169,0.432544,0.470138
0,1,-0.780873,-0.036542,-0.282978,1.131417
0,1,0.031802,1.506542,0.25214,1.147659
1,1,-0.038877,0.844309,0.552751,0.688928
1,0,1.165506,-0.571929,0.899698,1.896195
0,0,1.961857,0.871454,0.363606,0.714226
0,1,-0.561899,0.165026,-0.725874,0.873399
1,0,-0.299825,1.806959,-0.560636,1.320739
0,0,0.881906,-0.402386,-1.132619,0.327229
0,1,-0.077329,0.219994,-0.452046,-1.138713
0,0,-0.767547,-1.396168,-0.792556,-1.024186
1,0,0.571398,1.213908,2.593319,2.316925
1,1,0.317363,1.857038,1.72711,3.657993
0,0,0.598235,1.215875,0.729039,2.284568
1,0,1.273883,0.751992,-0.611532,0.894654
0,1,-0.981922,1.810742,0.474181,3.339049
0,0,0.580153,1.457028,1.776059,1.340238
0,0,-0.039466,-0.544753,0.157842,-0.540772
0,1,0.820253,-0.035479,-1.479143,1.14119
1,1,0.782251,1.276042,1.444937,1.150468
1,0,-0.130078,0.132838,-0.471662,0.537148
1,1,-2.040184,1.337347,-0.561048,1.594664
1,0,-0.930252,-0.24534,-2.131769,-0.650643
0,0,0.819347,0.717701,2.090075,1.139724
1,0,0.021954,0.598003,1.502464,1.809529
0,0,-0.219574,-0.490135,-0.564951,-1.608404
0,1,-0.958291,0.525793,1.015355,2.264757
0,1,-0.814705,0.225153,-1.362197,0.428714
1,1,-1.574975,0.418624,0.947745,-0.566862
0,0,-1.112604,-0.750547,-1.306936,-1.230877
1,1,-0.519115,0.449674,0.052593,1.52056
1,0,-0.700145,0.548673,0.004441,0.250085
1,1,1.300836,2.180994,2.562083,1.999734
1,0,0.256532,0.180393,-0.624792,1.30098
1,0,-0.08025,0.857706,1.699683,0.64786
0,1,-0.704259,0.408792,0.703987,0.870592
0,0,0.619475,-0.159808,0.795072,-1.634246
1,0,0.127699,1.536388,-0.543474,2.296221
1,1,-0.175219,-0.544737,1.677515,0.804352
0,1,0.544594,1.242912,0.129931,-0.288886
0,1,-0.649914,-0.035723,-0.465634,-1.591596
0,1,0.002587,-0.92451,-0.749349,-1.110298
0,1,1.374026,-0.886392,0.353045,1.340534
1,0,-0.759569,-1.092509,-2.118692,0.4354
0,0,-0.026897,-0.529905,0.633474,-1.443589
0,0,2.077006,2.927672,1.255968,0.905175
0,0,0.813307,-0.877944,0.512572,0.781582
1,1,0.380496,3.06336,2.730775,3.599802
1,1,-0.869961,-1.031512,-0.201961,-0.228493
0,1,0.461662,0.16335,0.408511,1.917189
0,1,0.41814,-0.392504,-0.15556,0.099007
0,0,-1.968254,0.371034,-0.799723,-0.823393
1,1,-1.630888,1.787184,0.764705,1.328039
0,1,0.403673,-0.446815,0.547882,0.675516
1,1,-0.601487,1.356203,2.608993,3.596073
1,0,-0.11759,-0.848272,0.20946,-0.543261
0,0,-0.864548,-0.670109,-0.159347,0.02937
