arm,node,threshold,mechanism,category,n,warnings,datasets,rate,wilson_low,wilson_high,unavailable
conventional,mediator,0.026,N1_linear,effect_correct_null,100,4,200,0.02,0.0078044264163494685,0.050287086905826436,0
conventional,mediator,0.026,N1_linear,effect_correct_null,250,3,200,0.015,0.00511423779325831,0.04316572879269026,0
conventional,mediator,0.026,N1_linear,effect_correct_null,500,9,200,0.045,0.023852543001492997,0.0832967040018196,0
conventional,mediator,0.026,N2_curved_declared,effect_correct_null,100,2,200,0.01,0.0027466581335444384,0.0357217617161768,0
conventional,mediator,0.026,N2_curved_declared,effect_correct_null,250,10,200,0.05,0.02738264560076393,0.08957814813877599,0
conventional,mediator,0.026,N2_curved_declared,effect_correct_null,500,7,200,0.035,0.017055542008567192,0.07047061152229073,0
conventional,mediator,0.026,N3_ties,effect_correct_null,100,3,200,0.015,0.00511423779325831,0.04316572879269026,0
conventional,mediator,0.026,N3_ties,effect_correct_null,250,6,200,0.03,0.013820314340111346,0.06389429245451925,0
conventional,mediator,0.026,N3_ties,effect_correct_null,500,8,200,0.04,0.020405632066152302,0.07693206820093294,0
conventional,mediator,0.026,N4_heavy_tail,effect_correct_null,100,4,200,0.02,0.0078044264163494685,0.050287086905826436,0
conventional,mediator,0.026,N4_heavy_tail,effect_correct_null,250,6,200,0.03,0.013820314340111346,0.06389429245451925,0
conventional,mediator,0.026,N4_heavy_tail,effect_correct_null,500,4,200,0.02,0.0078044264163494685,0.050287086905826436,0
conventional,mediator,0.026,A1_c_only,attribution_null,100,1,200,0.005,0.0008831687156009814,0.02777370439789293,0
conventional,mediator,0.026,A1_c_only,attribution_null,250,2,200,0.01,0.0027466581335444384,0.0357217617161768,0
conventional,mediator,0.026,A1_c_only,attribution_null,500,6,200,0.03,0.013820314340111346,0.06389429245451925,0
conventional,mediator,0.026,V1_outcome_variance,density_only,100,6,200,0.03,0.013820314340111346,0.06389429245451925,0
conventional,mediator,0.026,V1_outcome_variance,density_only,250,2,200,0.01,0.0027466581335444384,0.0357217617161768,0
conventional,mediator,0.026,V1_outcome_variance,density_only,500,5,200,0.025,0.01072471965176126,0.05717834040664198,0
conventional,mediator,0.026,E1_omitted_quadratic,effect_relevant,100,5,200,0.025,0.01072471965176126,0.05717834040664198,0
conventional,mediator,0.026,E1_omitted_quadratic,effect_relevant,250,8,200,0.04,0.020405632066152302,0.07693206820093294,0
conventional,mediator,0.026,E1_omitted_quadratic,effect_relevant,500,4,200,0.02,0.0078044264163494685,0.050287086905826436,0
conventional,mediator,0.026,E2_omitted_interaction,effect_relevant,100,5,200,0.025,0.01072471965176126,0.05717834040664198,0
conventional,mediator,0.026,E2_omitted_interaction,effect_relevant,250,5,200,0.025,0.01072471965176126,0.05717834040664198,0
conventional,mediator,0.026,E2_omitted_interaction,effect_relevant,500,5,200,0.025,0.01072471965176126,0.05717834040664198,0
conventional,mediator,0.026,E3_mediator_variance,effect_relevant,100,47,200,0.235,0.18157433415232588,0.29841368882762537,0
conventional,mediator,0.026,E3_mediator_variance,effect_relevant,250,184,200,0.92,0.874010511732856,0.9501594141102401,0
conventional,mediator,0.026,E3_mediator_variance,effect_relevant,500,200,200,1.0,0.9811546736227335,1.0,0
information,mediator,0.064,N1_linear,effect_correct_null,100,2,200,0.01,0.0027466581335444384,0.0357217617161768,0
information,mediator,0.064,N1_linear,effect_correct_null,250,6,200,0.03,0.013820314340111346,0.06389429245451925,0
information,mediator,0.064,N1_linear,effect_correct_null,500,5,200,0.025,0.01072471965176126,0.05717834040664198,0
information,mediator,0.064,N2_curved_declared,effect_correct_null,100,6,200,0.03,0.013820314340111346,0.06389429245451925,0
information,mediator,0.064,N2_curved_declared,effect_correct_null,250,9,200,0.045,0.023852543001492997,0.0832967040018196,0
information,mediator,0.064,N2_curved_declared,effect_correct_null,500,9,200,0.045,0.023852543001492997,0.0832967040018196,0
information,mediator,0.064,N3_ties,effect_correct_null,100,9,200,0.045,0.023852543001492997,0.0832967040018196,0
information,mediator,0.064,N3_ties,effect_correct_null,250,3,200,0.015,0.00511423779325831,0.04316572879269026,0
information,mediator,0.064,N3_ties,effect_correct_null,500,1,200,0.005,0.0008831687156009814,0.02777370439789293,0
information,mediator,0.064,N4_heavy_tail,effect_correct_null,100,10,200,0.05,0.02738264560076393,0.08957814813877599,0
information,mediator,0.064,N4_heavy_tail,effect_correct_null,250,7,200,0.035,0.017055542008567192,0.07047061152229073,0
information,mediator,0.064,N4_heavy_tail,effect_correct_null,500,10,200,0.05,0.02738264560076393,0.08957814813877599,0
information,mediator,0.064,A1_c_only,attribution_null,100,6,200,0.03,0.013820314340111346,0.06389429245451925,0
information,mediator,0.064,A1_c_only,attribution_null,250,3,200,0.015,0.00511423779325831,0.04316572879269026,0
information,mediator,0.064,A1_c_only,attribution_null,500,6,200,0.03,0.013820314340111346,0.06389429245451925,0
information,mediator,0.064,V1_outcome_variance,density_only,100,6,200,0.03,0.013820314340111346,0.06389429245451925,0
information,mediator,0.064,V1_outcome_variance,density_only,250,4,200,0.02,0.0078044264163494685,0.050287086905826436,0
information,mediator,0.064,V1_outcome_variance,density_only,500,5,200,0.025,0.01072471965176126,0.05717834040664198,0
information,mediator,0.064,E1_omitted_quadratic,effect_relevant,100,10,200,0.05,0.02738264560076393,0.08957814813877599,0
information,mediator,0.064,E1_omitted_quadratic,effect_relevant,250,12,200,0.06,0.03465219425433187,0.1019316929576627,0
information,mediator,0.064,E1_omitted_quadratic,effect_relevant,500,3,200,0.015,0.00511423779325831,0.04316572879269026,0
information,mediator,0.064,E2_omitted_interaction,effect_relevant,100,8,200,0.04,0.020405632066152302,0.07693206820093294,0
information,mediator,0.064,E2_omitted_interaction,effect_relevant,250,11,200,0.055,0.03098534170345884,0.0957869987723084,0
information,mediator,0.064,E2_omitted_interaction,effect_relevant,500,3,200,0.015,0.00511423779325831,0.04316572879269026,0
information,mediator,0.064,E3_mediator_variance,effect_relevant,100,26,200,0.13,0.0902820227966932,0.18366351872248407,0
information,mediator,0.064,E3_mediator_variance,effect_relevant,250,92,200,0.46,0.39233051799971463,0.5291771081104667,0
information,mediator,0.064,E3_mediator_variance,effect_relevant,500,161,200,0.805,0.7445595562538726,0.8539447946559949,0
conventional,outcome,0.029,N1_linear,effect_correct_null,100,9,200,0.045,0.023852543001492997,0.0832967040018196,0
conventional,outcome,0.029,N1_linear,effect_correct_null,250,4,200,0.02,0.0078044264163494685,0.050287086905826436,0
conventional,outcome,0.029,N1_linear,effect_correct_null,500,5,200,0.025,0.01072471965176126,0.05717834040664198,0
conventional,outcome,0.029,N2_curved_declared,effect_correct_null,100,3,200,0.015,0.00511423779325831,0.04316572879269026,0
conventional,outcome,0.029,N2_curved_declared,effect_correct_null,250,5,200,0.025,0.01072471965176126,0.05717834040664198,0
conventional,outcome,0.029,N2_curved_declared,effect_correct_null,500,10,200,0.05,0.02738264560076393,0.08957814813877599,0
conventional,outcome,0.029,N3_ties,effect_correct_null,100,2,200,0.01,0.0027466581335444384,0.0357217617161768,0
conventional,outcome,0.029,N3_ties,effect_correct_null,250,1,200,0.005,0.0008831687156009814,0.02777370439789293,0
conventional,outcome,0.029,N3_ties,effect_correct_null,500,3,200,0.015,0.00511423779325831,0.04316572879269026,0
conventional,outcome,0.029,N4_heavy_tail,effect_correct_null,100,5,200,0.025,0.01072471965176126,0.05717834040664198,0
conventional,outcome,0.029,N4_heavy_tail,effect_correct_null,250,5,200,0.025,0.01072471965176126,0.05717834040664198,0
conventional,outcome,0.029,N4_heavy_tail,effect_correct_null,500,7,200,0.035,0.017055542008567192,0.07047061152229073,0
conventional,outcome,0.029,A1_c_only,attribution_null,100,30,200,0.15,0.10713593562241995,0.20605579284166659,0
conventional,outcome,0.029,A1_c_only,attribution_null,250,56,200,0.28,0.22236889773949026,0.3459230458665071,0
conventional,outcome,0.029,A1_c_only,attribution_null,500,98,200,0.49,0.42156278331213176,0.5588141232154136,0
conventional,outcome,0.029,V1_outcome_variance,density_only,100,132,200,0.66,0.5918849552683626,0.7220845402909121,0
conventional,outcome,0.029,V1_outcome_variance,density_only,250,200,200,1.0,0.9811546736227335,1.0,0
conventional,outcome,0.029,V1_outcome_variance,density_only,500,200,200,1.0,0.9811546736227335,1.0,0
conventional,outcome,0.029,E1_omitted_quadratic,effect_relevant,100,105,200,0.525,0.4559739601468475,0.5930837735342891,0
conventional,outcome,0.029,E1_omitted_quadratic,effect_relevant,250,190,200,0.95,0.9104218518612239,0.972617354399236,0
conventional,outcome,0.029,E1_omitted_quadratic,effect_relevant,500,200,200,1.0,0.9811546736227335,1.0,0
conventional,outcome,0.029,E2_omitted_interaction,effect_relevant,100,58,200,0.29,0.23154025607067882,0.3563747810077731,0
conventional,outcome,0.029,E2_omitted_interaction,effect_relevant,250,156,200,0.78,0.7176120008170632,0.8318346164116674,0
conventional,outcome,0.029,E2_omitted_interaction,effect_relevant,500,195,200,0.975,0.942821659593358,0.9892752803482386,0
conventional,outcome,0.029,E3_mediator_variance,effect_relevant,100,5,200,0.025,0.01072471965176126,0.05717834040664198,0
conventional,outcome,0.029,E3_mediator_variance,effect_relevant,250,4,200,0.02,0.0078044264163494685,0.050287086905826436,0
conventional,outcome,0.029,E3_mediator_variance,effect_relevant,500,11,200,0.055,0.03098534170345884,0.0957869987723084,0
information,outcome,0.039,N1_linear,effect_correct_null,100,5,200,0.025,0.01072471965176126,0.05717834040664198,0
information,outcome,0.039,N1_linear,effect_correct_null,250,3,200,0.015,0.00511423779325831,0.04316572879269026,0
information,outcome,0.039,N1_linear,effect_correct_null,500,5,200,0.025,0.01072471965176126,0.05717834040664198,0
information,outcome,0.039,N2_curved_declared,effect_correct_null,100,10,200,0.05,0.02738264560076393,0.08957814813877599,0
information,outcome,0.039,N2_curved_declared,effect_correct_null,250,5,200,0.025,0.01072471965176126,0.05717834040664198,0
information,outcome,0.039,N2_curved_declared,effect_correct_null,500,3,200,0.015,0.00511423779325831,0.04316572879269026,0
information,outcome,0.039,N3_ties,effect_correct_null,100,7,200,0.035,0.017055542008567192,0.07047061152229073,0
information,outcome,0.039,N3_ties,effect_correct_null,250,6,200,0.03,0.013820314340111346,0.06389429245451925,0
information,outcome,0.039,N3_ties,effect_correct_null,500,5,200,0.025,0.01072471965176126,0.05717834040664198,0
information,outcome,0.039,N4_heavy_tail,effect_correct_null,100,4,200,0.02,0.0078044264163494685,0.050287086905826436,0
information,outcome,0.039,N4_heavy_tail,effect_correct_null,250,5,200,0.025,0.01072471965176126,0.05717834040664198,0
information,outcome,0.039,N4_heavy_tail,effect_correct_null,500,5,200,0.025,0.01072471965176126,0.05717834040664198,0
information,outcome,0.039,A1_c_only,attribution_null,100,3,200,0.015,0.00511423779325831,0.04316572879269026,0
information,outcome,0.039,A1_c_only,attribution_null,250,2,200,0.01,0.0027466581335444384,0.0357217617161768,0
information,outcome,0.039,A1_c_only,attribution_null,500,3,200,0.015,0.00511423779325831,0.04316572879269026,0
information,outcome,0.039,V1_outcome_variance,density_only,100,5,200,0.025,0.01072471965176126,0.05717834040664198,0
information,outcome,0.039,V1_outcome_variance,density_only,250,6,200,0.03,0.013820314340111346,0.06389429245451925,0
information,outcome,0.039,V1_outcome_variance,density_only,500,5,200,0.025,0.01072471965176126,0.05717834040664198,0
information,outcome,0.039,E1_omitted_quadratic,effect_relevant,100,18,200,0.09,0.05768744886219316,0.13776571876716542,0
information,outcome,0.039,E1_omitted_quadratic,effect_relevant,250,59,200,0.295,0.23613943856849146,0.3615871452461878,0
information,outcome,0.039,E1_omitted_quadratic,effect_relevant,500,133,200,0.665,0.5970219120796653,0.7267591302158368,0
information,outcome,0.039,E2_omitted_interaction,effect_relevant,100,18,200,0.09,0.05768744886219316,0.13776571876716542,0
information,outcome,0.039,E2_omitted_interaction,effect_relevant,250,50,200,0.25,0.19508168006817497,0.31434098312045833,0
information,outcome,0.039,E2_omitted_interaction,effect_relevant,500,106,200,0.53,0.4609168291500183,0.5979524512673458,0
information,outcome,0.039,E3_mediator_variance,effect_relevant,100,6,200,0.03,0.013820314340111346,0.06389429245451925,0
information,outcome,0.039,E3_mediator_variance,effect_relevant,250,6,200,0.03,0.013820314340111346,0.06389429245451925,0
information,outcome,0.039,E3_mediator_variance,effect_relevant,500,4,200,0.02,0.0078044264163494685,0.050287086905826436,0
information_insample,outcome,0.044,N1_linear,effect_correct_null,100,4,200,0.02,0.0078044264163494685,0.050287086905826436,0
information_insample,outcome,0.044,N1_linear,effect_correct_null,250,4,200,0.02,0.0078044264163494685,0.050287086905826436,0
information_insample,outcome,0.044,N1_linear,effect_correct_null,500,3,200,0.015,0.00511423779325831,0.04316572879269026,0
information_insample,outcome,0.044,N2_curved_declared,effect_correct_null,100,9,200,0.045,0.023852543001492997,0.0832967040018196,0
information_insample,outcome,0.044,N2_curved_declared,effect_correct_null,250,7,200,0.035,0.017055542008567192,0.07047061152229073,0
information_insample,outcome,0.044,N2_curved_declared,effect_correct_null,500,3,200,0.015,0.00511423779325831,0.04316572879269026,0
information_insample,outcome,0.044,N3_ties,effect_correct_null,100,7,200,0.035,0.017055542008567192,0.07047061152229073,0
information_insample,outcome,0.044,N3_ties,effect_correct_null,250,9,200,0.045,0.023852543001492997,0.0832967040018196,0
information_insample,outcome,0.044,N3_ties,effect_correct_null,500,6,200,0.03,0.013820314340111346,0.06389429245451925,0
information_insample,outcome,0.044,N4_heavy_tail,effect_correct_null,100,7,200,0.035,0.017055542008567192,0.07047061152229073,0
information_insample,outcome,0.044,N4_heavy_tail,effect_correct_null,250,6,200,0.03,0.013820314340111346,0.06389429245451925,0
information_insample,outcome,0.044,N4_heavy_tail,effect_correct_null,500,4,200,0.02,0.0078044264163494685,0.050287086905826436,0
information_insample,outcome,0.044,A1_c_only,attribution_null,100,2,200,0.01,0.0027466581335444384,0.0357217617161768,0
information_insample,outcome,0.044,A1_c_only,attribution_null,250,3,200,0.015,0.00511423779325831,0.04316572879269026,0
information_insample,outcome,0.044,A1_c_only,attribution_null,500,4,200,0.02,0.0078044264163494685,0.050287086905826436,0
information_insample,outcome,0.044,V1_outcome_variance,density_only,100,8,200,0.04,0.020405632066152302,0.07693206820093294,0
information_insample,outcome,0.044,V1_outcome_variance,density_only,250,8,200,0.04,0.020405632066152302,0.07693206820093294,0
information_insample,outcome,0.044,V1_outcome_variance,density_only,500,5,200,0.025,0.01072471965176126,0.05717834040664198,0
information_insample,outcome,0.044,E1_omitted_quadratic,effect_relevant,100,21,200,0.105,0.06970748792681017,0.1551803199112304,0
information_insample,outcome,0.044,E1_omitted_quadratic,effect_relevant,250,65,200,0.325,0.2639157153923429,0.3926801488397004,0
information_insample,outcome,0.044,E1_omitted_quadratic,effect_relevant,500,134,200,0.67,0.602166847737769,0.7314257412939605,0
information_insample,outcome,0.044,E2_omitted_interaction,effect_relevant,100,22,200,0.11,0.07377244460125304,0.1609269099730149,0
information_insample,outcome,0.044,E2_omitted_interaction,effect_relevant,250,56,200,0.28,0.22236889773949026,0.3459230458665071,0
information_insample,outcome,0.044,E2_omitted_interaction,effect_relevant,500,108,200,0.54,0.4708228918895333,0.6076694820002854,0
information_insample,outcome,0.044,E3_mediator_variance,effect_relevant,100,9,200,0.045,0.023852543001492997,0.0832967040018196,0
information_insample,outcome,0.044,E3_mediator_variance,effect_relevant,250,6,200,0.03,0.013820314340111346,0.06389429245451925,0
information_insample,outcome,0.044,E3_mediator_variance,effect_relevant,500,5,200,0.025,0.01072471965176126,0.05717834040664198,0
information_k20,outcome,0.039,N1_linear,effect_correct_null,100,3,200,0.015,0.00511423779325831,0.04316572879269026,0
information_k20,outcome,0.039,N1_linear,effect_correct_null,250,4,200,0.02,0.0078044264163494685,0.050287086905826436,0
information_k20,outcome,0.039,N1_linear,effect_correct_null,500,2,200,0.01,0.0027466581335444384,0.0357217617161768,0
information_k20,outcome,0.039,N2_curved_declared,effect_correct_null,100,5,200,0.025,0.01072471965176126,0.05717834040664198,0
information_k20,outcome,0.039,N2_curved_declared,effect_correct_null,250,4,200,0.02,0.0078044264163494685,0.050287086905826436,0
information_k20,outcome,0.039,N2_curved_declared,effect_correct_null,500,9,200,0.045,0.023852543001492997,0.0832967040018196,0
information_k20,outcome,0.039,N3_ties,effect_correct_null,100,5,200,0.025,0.01072471965176126,0.05717834040664198,0
information_k20,outcome,0.039,N3_ties,effect_correct_null,250,6,200,0.03,0.013820314340111346,0.06389429245451925,0
information_k20,outcome,0.039,N3_ties,effect_correct_null,500,5,200,0.025,0.01072471965176126,0.05717834040664198,0
information_k20,outcome,0.039,N4_heavy_tail,effect_correct_null,100,7,200,0.035,0.017055542008567192,0.07047061152229073,0
information_k20,outcome,0.039,N4_heavy_tail,effect_correct_null,250,4,200,0.02,0.0078044264163494685,0.050287086905826436,0
information_k20,outcome,0.039,N4_heavy_tail,effect_correct_null,500,5,200,0.025,0.01072471965176126,0.05717834040664198,0
information_k20,outcome,0.039,A1_c_only,attribution_null,100,2,200,0.01,0.0027466581335444384,0.0357217617161768,0
information_k20,outcome,0.039,A1_c_only,attribution_null,250,4,200,0.02,0.0078044264163494685,0.050287086905826436,0
information_k20,outcome,0.039,A1_c_only,attribution_null,500,3,200,0.015,0.00511423779325831,0.04316572879269026,0
information_k20,outcome,0.039,V1_outcome_variance,density_only,100,5,200,0.025,0.01072471965176126,0.05717834040664198,0
information_k20,outcome,0.039,V1_outcome_variance,density_only,250,8,200,0.04,0.020405632066152302,0.07693206820093294,0
information_k20,outcome,0.039,V1_outcome_variance,density_only,500,3,200,0.015,0.00511423779325831,0.04316572879269026,0
information_k20,outcome,0.039,E1_omitted_quadratic,effect_relevant,100,21,200,0.105,0.06970748792681017,0.1551803199112304,0
information_k20,outcome,0.039,E1_omitted_quadratic,effect_relevant,250,71,200,0.355,0.2919862754043116,0.42347886924509565,0
information_k20,outcome,0.039,E1_omitted_quadratic,effect_relevant,500,137,200,0.685,0.6176504391426966,0.745376790097715,0
information_k20,outcome,0.039,E2_omitted_interaction,effect_relevant,100,29,200,0.145,0.10289350642004402,0.20048667530781522,0
information_k20,outcome,0.039,E2_omitted_interaction,effect_relevant,250,64,200,0.32,0.25926533315468053,0.38751898434113546,0
information_k20,outcome,0.039,E2_omitted_interaction,effect_relevant,500,131,200,0.655,0.5867558925905368,0.7174020562325106,0
information_k20,outcome,0.039,E3_mediator_variance,effect_relevant,100,6,200,0.03,0.013820314340111346,0.06389429245451925,0
information_k20,outcome,0.039,E3_mediator_variance,effect_relevant,250,4,200,0.02,0.0078044264163494685,0.050287086905826436,0
information_k20,outcome,0.039,E3_mediator_variance,effect_relevant,500,6,200,0.03,0.013820314340111346,0.06389429245451925,0
