cell_id,metric,outcome_kind,attempted_rows,finite_estimates,fatal_rows,interval_available_rows,unavailable_interval_rows,unavailable_or_fatal_rows,mean_bias,absolute_bias,bias_mc_se,mean_absolute_error,rmse,mean_width,few_failure_withheld_rows,few_failure_withheld_rate,zero_exclusions,zero_exclusion_rate,zero_exclusion_mc_se,runtime_mean_seconds,fit_count_mean,draw_budget_min,draw_budget_max,population_outcome_sd,coverage_successes,coverage_trials,coverage,coverage_wilson_lower,coverage_wilson_upper,coverage_mc_se,available_only_coverage,available_only_coverage_wilson_lower,available_only_coverage_wilson_upper,available_only_coverage_mc_se,zero_exclusion_wilson_lower,zero_exclusion_wilson_upper,unavailable_interval_rate,unavailable_or_fatal_rate
cell01_linear_n100,PNDE,continuous,200,200,0,200,0,0,0.002068336258551644,0.002068336258551644,0.014243449037070227,0.15589350118725978,0.20093922033473252,0.7918433804551114,0,0.0,30,0.15,0.025248762345905194,5.268256676385002,2.0,0.0,0.0,1.226019983523923,187,200,0.935,0.8919809207009312,0.961623645350847,0.01743201078476031,0.935,0.8919809207009312,0.961623645350847,0.01743201078476031,0.10713593562241995,0.20605579284166659,0.0,0.0
cell01_linear_n100,TE,continuous,200,200,0,200,0,0,0.00041818008200303846,0.00041818008200303846,0.015198037581308298,0.17206306746830394,0.2143951114014263,0.8637792943368439,0,0.0,107,0.535,0.03526861210765175,5.268256676385002,2.0,0.0,0.0,1.226019983523923,191,200,0.955,0.9167032959981803,0.976147456998507,0.014658615214269054,0.955,0.9167032959981803,0.976147456998507,0.014658615214269054,0.4658664687236316,0.6028143584299599,0.0,0.0
cell01_linear_n100,TNIE,continuous,200,200,0,200,0,0,-0.0016501561765485983,0.0016501561765485983,0.008526608530650702,0.09711680530532807,0.12029393405057921,0.44276142111081734,0,0.0,134,0.67,0.0332490601370926,5.268256676385002,2.0,0.0,0.0,1.226019983523923,186,200,0.93,0.8859451911438936,0.9578478281716571,0.01804161855266871,0.93,0.8859451911438936,0.9578478281716571,0.01804161855266871,0.602166847737769,0.7314257412939605,0.0,0.0
cell02_linear_n250,PNDE,continuous,200,200,0,200,0,0,0.004678008349617853,0.004678008349617853,0.009039004687164622,0.1033689238482376,0.1275966351566581,0.508079087069087,0,0.0,63,0.315,0.032846232660687286,5.923557183790001,2.0,0.0,0.0,1.226019983523923,193,200,0.965,0.9295293884777092,0.9829444579914328,0.012995191418367032,0.965,0.9295293884777092,0.9829444579914328,0.012995191418367032,0.2546232099022851,0.3823495608573036,0.0,0.0
cell02_linear_n250,TE,continuous,200,200,0,200,0,0,0.004947918834200123,0.004947918834200123,0.010405125514083773,0.11785283954554412,0.14686573002778225,0.5520113658301075,0,0.0,179,0.895,0.021676600286945368,5.923557183790001,2.0,0.0,0.0,1.226019983523923,186,200,0.93,0.8859451911438936,0.9578478281716571,0.01804161855266871,0.93,0.8859451911438936,0.9578478281716571,0.01804161855266871,0.8448196800887696,0.9302925120731899,0.0,0.0
cell02_linear_n250,TNIE,continuous,200,200,0,200,0,0,0.00026991048458226727,0.00026991048458226727,0.005065280231334435,0.059124220930438814,0.07145508066077057,0.2794103171240725,0,0.0,195,0.975,0.011039701082909813,5.923557183790001,2.0,0.0,0.0,1.226019983523923,193,200,0.965,0.9295293884777092,0.9829444579914328,0.012995191418367032,0.965,0.9295293884777092,0.9829444579914328,0.012995191418367032,0.942821659593358,0.9892752803482386,0.0,0.0
cell03_no_a_to_m_n100,PNDE,continuous,200,200,0,200,0,0,0.013443576246626843,0.013443576246626843,0.014482175890001992,0.16226976079091515,0.2047380766383745,0.781599765893659,0,0.0,35,0.175,0.026867731575255845,5.776189514854996,2.0,0.0,0.0,1.2093386622447824,186,200,0.93,0.8859451911438936,0.9578478281716571,0.01804161855266871,0.93,0.8859451911438936,0.9578478281716571,0.01804161855266871,0.12860515066273331,0.23364431148248993,0.0,0.0
cell03_no_a_to_m_n100,TE,continuous,200,200,0,200,0,0,0.013443576246626843,0.013443576246626843,0.014482175890001992,0.16226976079091515,0.2047380766383745,0.781599765893659,0,0.0,35,0.175,0.026867731575255845,5.776189514854996,2.0,0.0,0.0,1.2093386622447824,186,200,0.93,0.8859451911438936,0.9578478281716571,0.01804161855266871,0.93,0.8859451911438936,0.9578478281716571,0.01804161855266871,0.12860515066273331,0.23364431148248993,0.0,0.0
cell03_no_a_to_m_n100,TNIE,continuous,200,200,0,200,0,0,0.0,0.0,0.0,0.0,0.0,0.0,0,0.0,0,0.0,0.0,5.776189514854996,2.0,0.0,0.0,1.2093386622447824,200,200,1.0,0.9811546736227335,1.0,0.0,1.0,0.9811546736227335,1.0,0.0,1.734723475976807e-18,0.018845326377266575,0.0,0.0
cell04_no_m_to_y_n100,PNDE,continuous,200,200,0,200,0,0,0.0027578727657875,0.0027578727657875,0.014129934786520056,0.16269627738267245,0.19934633736134427,0.7679255846286506,0,0.0,38,0.19,0.027739863013360393,4.853083568654999,2.0,0.0,0.0,1.0488088481701516,188,200,0.94,0.8980683070423372,0.9653478057456681,0.01679285562374667,0.94,0.8980683070423372,0.9653478057456681,0.01679285562374667,0.14167171527790673,0.25001238707599854,0.0,0.0
cell04_no_m_to_y_n100,TE,continuous,200,200,0,200,0,0,0.0027578727657875,0.0027578727657875,0.014129934786520056,0.16269627738267245,0.19934633736134427,0.7679255846286506,0,0.0,38,0.19,0.027739863013360393,4.853083568654999,2.0,0.0,0.0,1.0488088481701516,188,200,0.94,0.8980683070423372,0.9653478057456681,0.01679285562374667,0.94,0.8980683070423372,0.9653478057456681,0.01679285562374667,0.14167171527790673,0.25001238707599854,0.0,0.0
cell04_no_m_to_y_n100,TNIE,continuous,200,200,0,200,0,0,0.0,0.0,0.0,0.0,0.0,0.0,0,0.0,0,0.0,0.0,4.853083568654999,2.0,0.0,0.0,1.0488088481701516,200,200,1.0,0.9811546736227335,1.0,0.0,1.0,0.9811546736227335,1.0,0.0,1.734723475976807e-18,0.018845326377266575,0.0,0.0
cell05_no_mediation_n100,PNDE,continuous,200,200,0,200,0,0,0.010416012970251748,0.010416012970251748,0.012852718050630901,0.1434373595844127,0.18160884676333952,0.7748418709584789,0,0.0,36,0.18,0.027166155414412252,6.9052932908499915,2.0,0.0,0.0,1.0488088481701516,195,200,0.975,0.942821659593358,0.9892752803482386,0.011039701082909813,0.975,0.942821659593358,0.9892752803482386,0.011039701082909813,0.13294625859420173,0.23911475028724882,0.0,0.0
cell05_no_mediation_n100,TE,continuous,200,200,0,200,0,0,0.010416012970251748,0.010416012970251748,0.012852718050630901,0.1434373595844127,0.18160884676333952,0.7748418709584789,0,0.0,36,0.18,0.027166155414412252,6.9052932908499915,2.0,0.0,0.0,1.0488088481701516,195,200,0.975,0.942821659593358,0.9892752803482386,0.011039701082909813,0.975,0.942821659593358,0.9892752803482386,0.011039701082909813,0.13294625859420173,0.23911475028724882,0.0,0.0
cell05_no_mediation_n100,TNIE,continuous,200,200,0,200,0,0,0.0,0.0,0.0,0.0,0.0,0.0,0,0.0,0,0.0,0.0,6.9052932908499915,2.0,0.0,0.0,1.0488088481701516,200,200,1.0,0.9811546736227335,1.0,0.0,1.0,0.9811546736227335,1.0,0.0,1.734723475976807e-18,0.018845326377266575,0.0,0.0
cell06_parallel_interaction_n150,TNIE,continuous,200,200,0,200,0,0,-0.0011054279440234525,0.0011054279440234525,0.009267194090379646,0.10397492189048503,0.13073453387068065,0.5160626323881714,0,0.0,181,0.905,0.02073342711661533,27.798821996490002,3.0,512.0,1024.0,1.336637572418193,189,200,0.945,0.9042130012276914,0.9690146582965411,0.016120638945153514,0.945,0.9042130012276914,0.9690146582965411,0.016120638945153514,0.8563983883518006,0.9383368972826135,0.0,0.0
cell07_serial_three_n200,PNDE,continuous,200,200,0,200,0,0,0.006298836532905119,0.006298836532905119,0.010674824252000056,0.12125646546616965,0.1507186054575708,0.5758457838119156,0,0.0,60,0.3,0.0324037034920393,10.07963909026,4.0,0.0,0.0,1.4120906486483082,188,200,0.94,0.8980683070423372,0.9653478057456681,0.01679285562374667,0.94,0.8980683070423372,0.9653478057456681,0.01679285562374667,0.24074744682371402,0.36679068372719265,0.0,0.0
cell07_serial_three_n200,TE,continuous,200,200,0,200,0,0,0.0014806579763504924,0.0014806579763504924,0.012686192200257823,0.137933329449756,0.17896688907135178,0.6691308057539419,0,0.0,179,0.895,0.021676600286945368,10.07963909026,4.0,0.0,0.0,1.4120906486483082,185,200,0.925,0.8799563897637055,0.954025082815618,0.01862458053218917,0.925,0.8799563897637055,0.954025082815618,0.01862458053218917,0.8448196800887696,0.9302925120731899,0.0,0.0
cell07_serial_three_n200,TNIE,continuous,200,200,0,200,0,0,-0.004818178556554566,0.004818178556554566,0.006945922030035481,0.07985364710177284,0.09810267876680001,0.42684319458713665,0,0.0,185,0.925,0.01862458053218917,10.07963909026,4.0,0.0,0.0,1.4120906486483082,191,200,0.955,0.9167032959981803,0.976147456998507,0.014658615214269054,0.955,0.9167032959981803,0.976147456998507,0.014658615214269054,0.8799563897637055,0.954025082815618,0.0,0.0
cell08_quadratic_n100,PNDE,continuous,200,200,0,200,0,0,0.0007339334732144787,0.0007339334732144787,0.014163614186946689,0.16000184174074406,0.19980371382645004,0.7788092147278926,0,0.0,34,0.17,0.02656124997058685,14.747190369635,2.0,0.0,0.0,1.2711774069735506,190,200,0.95,0.9104218518612239,0.972617354399236,0.015411035007422448,0.95,0.9104218518612239,0.972617354399236,0.015411035007422448,0.12427907912586969,0.22815883628312625,0.0,0.0
cell08_quadratic_n100,TE,continuous,200,200,0,200,0,0,-0.003228664543329609,0.003228664543329609,0.01424675926488833,0.16207532175764647,0.20100120406484626,0.8151375461229549,0,0.0,56,0.28,0.03174901573277509,14.747190369635,2.0,0.0,0.0,1.2711774069735506,191,200,0.955,0.9167032959981803,0.976147456998507,0.014658615214269054,0.955,0.9167032959981803,0.976147456998507,0.014658615214269054,0.22236889773949026,0.3459230458665071,0.0,0.0
cell08_quadratic_n100,TNIE,continuous,200,200,0,200,0,0,-0.0039625980165441076,0.0039625980165441076,0.004577147318643294,0.04904574757513091,0.0646900875001484,0.2471565447050922,0,0.0,89,0.445,0.03514078826662828,14.747190369635,2.0,0.0,0.0,1.2711774069735506,183,200,0.915,0.8681041292843443,0.9462542498225244,0.019719913792915014,0.915,0.8681041292843443,0.9462542498225244,0.019719913792915014,0.3778060100295335,0.5142669758719658,0.0,0.0
cell09_spline_n250,PNDE,continuous,200,200,0,200,0,0,-0.0007542924129959009,0.0007542924129959009,0.008826931357373044,0.09942737662956226,0.12452147476404075,0.5106184572358671,0,0.0,72,0.36,0.03394112549695428,21.88384617978501,2.0,0.0,0.0,1.2711774069735506,191,200,0.955,0.9167032959981803,0.976147456998507,0.014658615214269054,0.955,0.9167032959981803,0.976147456998507,0.014658615214269054,0.2966919730456654,0.42858471833996925,0.0,0.0
cell09_spline_n250,TE,continuous,200,200,0,200,0,0,0.0021178314230970103,0.0021178314230970103,0.00965588845533809,0.10843942152092687,0.13622953204228885,0.5163248542720711,0,0.0,129,0.645,0.033836001536824645,21.88384617978501,2.0,0.0,0.0,1.2711774069735506,188,200,0.94,0.8980683070423372,0.9653478057456681,0.01679285562374667,0.94,0.8980683070423372,0.9653478057456681,0.01679285562374667,0.5765211307549043,0.7080137245956883,0.0,0.0
cell09_spline_n250,TNIE,continuous,200,200,0,200,0,0,0.0028721238360928836,0.0028721238360928836,0.003727234997539807,0.042110586225686496,0.05265750620737827,0.19866392937437338,0,0.0,127,0.635,0.0340422531569225,21.88384617978501,2.0,0.0,0.0,1.2711774069735506,187,200,0.935,0.8919809207009312,0.961623645350847,0.01743201078476031,0.935,0.8919809207009312,0.961623645350847,0.01743201078476031,0.566317026527406,0.698594735350732,0.0,0.0
cell10_moderated_n150,TNIE_W0,continuous,200,200,0,0,200,200,-0.004656999065732856,0.004656999065732856,0.005099753670886213,0.05844929741725493,0.07209145340148165,,0,0.0,0,0.0,0.0,75.11710225114001,2.0,512.0,512.0,1.2319572841620767,0,200,0.0,1.734723475976807e-18,0.018845326377266575,0.0,,,,,1.734723475976807e-18,0.018845326377266575,1.0,1.0
cell10_moderated_n150,TNIE_W1,continuous,200,200,0,0,200,200,-0.006510234546169049,0.006510234546169049,0.011954710264499216,0.13654539786358458,0.16876755481419584,,0,0.0,0,0.0,0.0,75.11710225114001,2.0,512.0,512.0,1.2319572841620767,0,200,0.0,1.734723475976807e-18,0.018845326377266575,0.0,,,,,1.734723475976807e-18,0.018845326377266575,1.0,1.0
cell10_moderated_n150,TNIE_difference,continuous,200,200,0,200,0,0,-0.0018532354804362162,0.0018532354804362162,0.012696876974742224,0.14388223119772028,0.1791210785451619,0.7006685943215407,0,0.0,72,0.36,0.03394112549695428,75.11710225114001,2.0,512.0,512.0,1.2319572841620767,187,200,0.935,0.8919809207009312,0.961623645350847,0.01743201078476031,0.935,0.8919809207009312,0.961623645350847,0.01743201078476031,0.2966919730456654,0.42858471833996925,0.0,0.0
cell11_binary_mediator_n150,PNDE,continuous,200,200,0,200,0,0,0.0016604961664819684,0.0016604961664819684,0.011173866592155223,0.12821414181983004,0.15763553177109577,0.6455605253758944,0,0.0,44,0.22,0.02929163703175362,9.794225025105003,2.0,0.0,0.0,1.1077216837900794,188,200,0.94,0.8980683070423372,0.9653478057456681,0.01679285562374667,0.94,0.8980683070423372,0.9653478057456681,0.01679285562374667,0.16816538358833258,0.28238799918293667,0.0,0.0
cell11_binary_mediator_n150,TE,continuous,200,200,0,200,0,0,-0.0006171539860346287,0.0006171539860346287,0.011951080564282865,0.137392083143724,0.16859186778485025,0.6584808485649046,0,0.0,101,0.505,0.03535357124817803,9.794225025105003,2.0,0.0,0.0,1.1077216837900794,189,200,0.945,0.9042130012276914,0.9690146582965411,0.016120638945153514,0.945,0.9042130012276914,0.9690146582965411,0.016120638945153514,0.43627000033527485,0.5735415464009526,0.0,0.0
cell11_binary_mediator_n150,TNIE,continuous,200,200,0,200,0,0,-0.0022776501525165944,0.0022776501525165944,0.00464041695970558,0.05225801912944435,0.0655007490998536,0.2346300801902278,0,0.0,116,0.58,0.034899856733230296,9.794225025105003,2.0,0.0,0.0,1.1077216837900794,179,200,0.895,0.8448196800887696,0.9302925120731899,0.021676600286945368,0.895,0.8448196800887696,0.9302925120731899,0.021676600286945368,0.5107207393958046,0.6462640083838327,0.0,0.0
cell12_mixed_binary_serial_n250,PNDE,binary,200,200,0,200,0,0,-0.004612876297836744,0.004612876297836744,0.004375596847859985,0.04876269834840854,0.06189751477211818,0.23967892724942927,0,0.0,22,0.11,0.022124646889837587,12.42158775417,3.0,0.0,0.0,,186,200,0.93,0.8859451911438936,0.9578478281716571,0.01804161855266871,0.93,0.8859451911438936,0.9578478281716571,0.01804161855266871,0.07377244460125304,0.1609269099730149,0.0,0.0
cell12_mixed_binary_serial_n250,TE,binary,200,200,0,200,0,0,-0.005978474384511514,0.005978474384511514,0.004389531915129715,0.048257835379725514,0.062209904776657464,0.23869139193776973,0,0.0,65,0.325,0.03311910324872942,12.42158775417,3.0,0.0,0.0,,189,200,0.945,0.9042130012276914,0.9690146582965411,0.016120638945153514,0.945,0.9042130012276914,0.9690146582965411,0.016120638945153514,0.2639157153923429,0.3926801488397004,0.0,0.0
cell12_mixed_binary_serial_n250,TNIE,binary,200,200,0,200,0,0,-0.001365598086674768,0.001365598086674768,0.0014455281057701682,0.016188919161945436,0.020437358135142036,0.0865638142556794,0,0.0,160,0.8,0.0282842712474619,12.42158775417,3.0,0.0,0.0,,193,200,0.965,0.9295293884777092,0.9829444579914328,0.012995191418367032,0.965,0.9295293884777092,0.9829444579914328,0.012995191418367032,0.7391448134346212,0.8495479907390189,0.0,0.0
